"","Title","News_Link","Date","Status","Status_Frequency"
"1","杭州“市民之家”热心服务台胞获赠锦旗_中共中央台湾工作办公室...","http://www.gwytb.gov.cn/service/201808/t20180827_12051806.htm",2018-08-27,"Compatriots",3
"2","福建漳浦严厉打击侵犯台胞台企合法权益犯罪行为_中共中央台湾工作...","http://www.gwytb.gov.cn/tbqy/zongshu/201808/t20180829_12052802.htm",2018-08-22,"Compatriots",1
"3","大连市举办台商台胞暨两岸婚姻家庭迎中秋联谊会_中共中央台湾工作...","http://www.gwytb.gov.cn/service/gxtbsh/201809/t20180920_12062323.htm",2020-12-09,"Compatriots",6
"4","台湾居民来往大陆通行证(台胞证)办理及签注方法_中共中央台湾工作...","http://www.gwytb.gov.cn/zn/crj/201211/t20121119_3378792.htm",2020-12-09,"Compatriots",6
"5","台胞可报考2018年全国导游资格考试_中共中央台湾工作办公室...","http://www.gwytb.gov.cn/zzks/zxzx_43780/201807/t20180730_12042048.htm",2018-07-24,"Compatriots",2
"6","台胞在家突然晕倒病危 上海有关方合力抢救_中共中央台湾工作办公...","http://www.gwytb.gov.cn/jy_43772/zxzx_43774/201412/t20141216_8382943.htm",2014-12-05,"Compatriots",1
"7","台湾未能加入RCEP,国台办:欢迎台胞台企到大陆投资创业,共享发展...","http://www.gwytb.gov.cn/m/news/202011/t20201125_12308216.htm",2020-11-25,"Compatriots",3
"8","江西省台胞服务中心、台胞法律服务中心挂牌成立_中共中央台湾工作...","http://www.gwytb.gov.cn/local/201701/t20170124_11686977.htm",2017-01-22,"Compatriots",3
"9","成都市温江区积极解决台胞子女入学问题_中共中央台湾工作办公室...","http://www.gwytb.gov.cn/service/gxtbsh/201808/t20180830_12053491.htm",2020-12-09,"Compatriots",6
"10","陈元丰走访慰问天津台胞并调研_中共中央台湾工作办公室、国务院...","http://www.gwytb.gov.cn/newsb/201901/t20190118_12133070.htm",2019-01-18,"Compatriots",2
"11","国台办介绍各地各部门落实“31条惠及台胞措施”新进展_中共中央...","http://www.gwytb.gov.cn/wyly/201806/t20180627_11969492.htm",2018-06-27,"Compatriots",2
"12","济宁市公安机关出台服务台商台胞十项措施_中共中央台湾工作办公室...","http://www.gwytb.gov.cn/wl/zxzx_43786/201412/t20141216_8377799.htm",2014-05-22,"Compatriots",1
"13","陈云林就制订台胞投资保护法实施细则发表谈话_中共中央台湾工作...","http://www.gwytb.gov.cn/zlzx/location/201101/t20110123_1725680.htm",2020-12-08,"Compatriots",10
"14","广州市花都区积极做好台胞子女就学服务工作_中共中央台湾工作办公...","http://www.gwytb.gov.cn/service/201704/t20170427_11755044.htm",2017-04-26,"Compatriots",1
"15","南充市台办春节前夕走访慰问台胞台属_中共中央台湾工作办公室...","http://www.gwytb.gov.cn/service/201701/t20170111_11676097.htm",2020-12-08,"Compatriots",10
"16","各地服务台胞举措_中共中央台湾工作办公室、国务院台湾事务办公室","http://www.gwytb.gov.cn/fuwu/",2020-12-08,"Compatriots",10
"17","全国台联2018年台胞青年千人夏令营四川・成都分营开营_中共中央...","http://www.gwytb.gov.cn/local/201807/t20180718_12036921.htm",2018-07-18,"Compatriots",2
"18","关心台胞生活_中共中央台湾工作办公室、国务院台湾事务办公室","http://www.gwytb.gov.cn/service/gxtbsh/",2020-12-08,"Compatriots",10
"19","台胞子女就读大陆中小学和幼儿园_中共中央台湾工作办公室、国务院...","http://www.gwytb.gov.cn/zn/jx/201103/t20110323_1797068.htm",2020-12-08,"Compatriots",10
"20","南京市台办组织第十五批台商台胞集中换领驾照_中共中央台湾工作...","http://www.gwytb.gov.cn/service/cxggjc/201802/t20180209_11923287.htm",2020-12-08,"Compatriots",10
"21","台湾律师加盟杭州台商法律服务团 助力台胞分享大陆发展红利_中共...","http://www.gwytb.gov.cn/service/cxggjc/201803/t20180322_11936215.htm",2020-12-08,"Compatriots",10
"22","全国台联2018年台胞青年千人夏令营江西分营圆满闭营_中共中央台湾...","http://www.gwytb.gov.cn/local/201807/t20180731_12042364.htm",2018-07-31,"Compatriots",2
"23","上海:30位台胞获颁首批台湾居民居住证_中共中央台湾工作办公室...","http://www.gwytb.gov.cn/jl/zxzx_43777/201809/t20180925_12095065.htm",2018-09-19,"Compatriots",1
"24","台胞怎样在大陆申请学历学位认证_中共中央台湾工作办公室、国务院...","http://www.gwytb.gov.cn/jx/re2/qt2/201710/t20171019_11854342.htm",2020-12-08,"Compatriots",10
"25","广东珠海等地召开台胞台商台属迎春座谈会_中共中央台湾工作办公室...","http://www.gwytb.gov.cn/service/201602/t20160204_11382441.htm",2016-02-04,"Compatriots",2
"26","四川多地召开2018年台胞台属迎春座谈会_中共中央台湾工作办公室...","http://www.gwytb.gov.cn/service/201802/t20180224_11926724.htm",2018-02-13,"Compatriots",8
"27","湖北省台办:台湾当局应尽快让留鄂台胞返乡,不要再以各种借口阻挠...","http://www.gwytb.gov.cn/wyly/202002/t20200208_12240176.htm",2020-02-08,"Compatriots",2
"28","渔业船员职业资格考试对台胞开放_中共中央台湾工作办公室、国务院...","http://www.gwytb.gov.cn/zzks/zxzx_43780/201807/t20180706_11972419.htm",2020-12-08,"Compatriots",10
"29","上海市闵行区台办发行《台胞服务手册》 详列台胞服务清单_中共...","http://www.gwytb.gov.cn/service/cxggjc/201508/t20150804_10401249.htm",2015-08-04,"Compatriots",1
"30","大陆出台多项措施方便台胞就医 费用享受国民待遇_中共中央台湾...","http://www.gwytb.gov.cn/zn/doctor/201401/t20140113_5518508.htm",2012-10-30,"Compatriots",1
"31","台胞在大陆从事个体经营_中共中央台湾工作办公室、国务院台湾事务...","http://www.gwytb.gov.cn/jy/rd1/lai1/201312/t20131231_5456870.htm",2020-12-08,"Compatriots",10
"32","国台办介绍落实“31条惠及台胞措施”最新进展_中共中央台湾工作...","http://www.gwytb.gov.cn/wyly/201805/t20180530_11960291.htm",2018-05-30,"Compatriots",1
"33","【图解】台胞在大陆:住房公积金怎么用?_中共中央台湾工作办公室...","http://www.gwytb.gov.cn/jy/rd1/lai1/201802/t20180201_11913634.htm",2020-12-07,"Compatriots",7
"34","2018年海峡西岸台胞青年夏令营在厦门闭营_中共中央台湾工作办公室...","http://www.gwytb.gov.cn/lajlwl/qt/201807/t20180720_12038205.htm",2020-12-07,"Compatriots",7
"35","深圳落实惠台措施 99项政策同等适用台胞_中共中央台湾工作办公室...","http://www.gwytb.gov.cn/31t/bjzl/201807/t20180725_12039860.html",2018-07-24,"Compatriots",2
"36","陈元丰走访慰问重庆、四川台胞并调研_中共中央台湾工作办公室...","http://www.gwytb.gov.cn/newsb/201912/t20191231_12229461.htm",2019-12-31,"Compatriots",3
"37","刘军川在福建、浙江走访慰问台胞台企_中共中央台湾工作办公室...","http://www.gwytb.gov.cn/newsb/202001/t20200103_12230163.htm",2019-12-31,"Compatriots",3
"38","服务台胞在行动_中共中央台湾工作办公室、国务院台湾事务办公室","http://www.gwytb.gov.cn/service/",2020-12-03,"Compatriots",7
"39","山东省台办主任孟庆斌到济阳县调研 强调尽心尽情为台胞服务_中共...","http://www.gwytb.gov.cn/service/201706/t20170609_11798189.htm",2017-06-09,"Compatriots",1
"40","四川各地台胞踊跃申领台胞居住证_中共中央台湾工作办公室、国务院...","http://www.gwytb.gov.cn/service/gxtbsh/201809/t20180912_12058507.htm",2020-12-07,"Compatriots",7
"41","沈阳市台办落实“31条惠及台胞措施” 积极为台商台胞排忧解难...","http://www.gwytb.gov.cn/service/cxggjc/201804/t20180419_11945671.htm",2018-04-19,"Compatriots",1
"42","桂林市台办展现服务台商台胞工作新气象_中共中央台湾工作办公室...","http://www.gwytb.gov.cn/service/201405/t20140523_6201376.htm",2020-12-07,"Compatriots",7
"43","福建全面启动“台商台胞服务年”活动 出台21项措施_中共中央台湾...","http://www.gwytb.gov.cn/service/cxggjc/201803/t20180319_11934782.htm",2018-03-19,"Compatriots",1
"44","台湾未能加入RCEP,国台办:欢迎台胞台企到大陆投资创业,共享发展...","http://www.gwytb.gov.cn/wyly/202011/t20201125_12308211.htm",2020-11-25,"Compatriots",3
"45","海南首日办理港澳台居民居住证 台胞期盼便利生活_中共中央台湾...","http://www.gwytb.gov.cn/jl/zxzx_43777/201809/t20180905_12055917.htm",2018-09-01,"Compatriots",7
"46","郑州市副市长黄卿慰问困难台胞台属_中共中央台湾工作办公室...","http://www.gwytb.gov.cn/service/201701/t20170123_11685588.htm",2020-12-07,"Compatriots",7
"47","大爱跨越海峡 台胞捐献骨髓救海南白血病患者_中共中央台湾工作...","http://www.gwytb.gov.cn/guide_rules/exe/201305/t20130531_4265921.htm",2013-05-29,"Compatriots",1
"48","南昌市台胞台属联谊会隆重召开2017年迎春座谈会_中共中央台湾工作...","http://www.gwytb.gov.cn/local/201701/t20170120_11683944.htm",2017-01-19,"Compatriots",1
"49","“两岸一家亲・银企话共赢――齐鲁银行临沂分行、临沂市台胞台属...","http://www.gwytb.gov.cn/service/fwtqfa/201809/t20180906_12056298.htm",2018-09-06,"Compatriots",3
"50","台胞就业_中共中央台湾工作办公室、国务院台湾事务办公室","http://www.gwytb.gov.cn/jy/zcfg/l/201312/t20131231_5456896.htm",2007-09-29,"Compatriots",1
"51","关于深化来宁台胞宜学宜业宜游宜居服务的若干措施(全文)_中共中央...","http://www.gwytb.gov.cn/31t/bjzl/201808/t20180809_12045193.html",2018-08-09,"Compatriots",1
"52","裴金佳在江西、广东走访慰问台胞台企_中共中央台湾工作办公室...","http://www.gwytb.gov.cn/newsb/202001/t20200103_12230101.htm",2019-12-31,"Compatriots",3
"53","厦门市湖里区台办创新举措 首聘专业律师顾问团服务台胞台商_中共...","http://www.gwytb.gov.cn/service/201709/t20170915_11843184.htm",2020-12-07,"Compatriots",7
"54","裴金佳在福建走访慰问台胞台企_中共中央台湾工作办公室、国务院...","http://www.gwytb.gov.cn/newsb/201901/t20190122_12134222.htm",2019-01-22,"Compatriots",1
"55","24小时,湖南省市合力护送突发脑梗的台胞回乡_中共中央台湾工作...","http://www.gwytb.gov.cn/service/201707/t20170719_11820791.htm",2020-12-06,"Compatriots",7
"56","龙明彪走访慰问湖南台胞并调研_中共中央台湾工作办公室、国务院...","http://www.gwytb.gov.cn/newsb/201901/t20190124_12135453.htm",2019-01-24,"Compatriots",1
"57","台胞台企踊跃捐款捐物支持大陆抗击疫情_中共中央台湾工作办公室...","http://www.gwytb.gov.cn/wyly/202002/t20200207_12240013.htm",2020-12-06,"Compatriots",7
"58","国台办:福建平潭积极建设台胞台企登陆第一家园先行区_中共中央...","http://www.gwytb.gov.cn/wyly/201906/t20190626_12177770.htm",2019-06-26,"Compatriots",2
"59","昆山出台68项措施 加快给予台胞同等待遇_中共中央台湾工作办公室...","http://www.gwytb.gov.cn/jj/zxzx_43783/201807/t20180723_12039033.htm",2018-07-18,"Compatriots",2
"60","服仗ò在行_中共中央_彻ぷ鬓k公室、赵号_呈辙k公室","http://big5.gwytb.gov.cn/service/",2020-12-06,"Compatriots",7
"61","台胞子女就读大陆中小学和幼儿园_中共中央台湾工作办公室、国务院...","http://www.gwytb.gov.cn/jx/zcfg_43770/l_43873/201312/t20131226_5433591.htm",2020-12-06,"Compatriots",7
"62","台胞权益保护法律体系_中共中央台湾工作办公室、国务院台湾事务...","http://www.gwytb.gov.cn/tbqy/protect/",2020-12-06,"Compatriots",7
"63","台胞如何办理“金马证”_中共中央台湾工作办公室、国务院台湾事务...","http://www.gwytb.gov.cn/zzks/zcfg_43779/qt_43894/201710/t20171019_11854366.htm",2008-01-21,"Compatriots",1
"64","伊犁州党委统战部走访调研台资企业并慰问台胞_中共中央台湾工作...","http://www.gwytb.gov.cn/service/gxtbsh/201809/t20180921_12063187.htm",2020-12-06,"Compatriots",7
"65","台胞西藏旅游入藏批准函_中共中央台湾工作办公室、国务院台湾事务...","http://www.gwytb.gov.cn/wl/re7/lai7/201312/t20131230_5451295.htm",2020-12-06,"Compatriots",7
"66","厦门将设53个受理点方便台胞申办台湾居民居住证_中共中央台湾工作...","http://www.gwytb.gov.cn/jl/zxzx_43777/201809/t20180905_12055870.htm",2018-08-29,"Compatriots",1
"67","在沪台胞积极申领港澳台居民居住证:“我们期盼已久”_中共中央...","http://www.gwytb.gov.cn/jl/zxzx_43777/201809/t20180905_12055890.htm",2018-09-01,"Compatriots",7
"68","“盐城服务”品牌深受台胞台企好评_中共中央台湾工作办公室...","http://www.gwytb.gov.cn/service/fwtqfa/201807/t20180720_12038213.htm",2018-07-20,"Compatriots",1
"69","连云港市全心全意打造台胞台商维权服务“心品牌”_中共中央台湾...","http://www.gwytb.gov.cn/service/gxtbsh/201711/t20171127_11872442.htm",2020-12-05,"Compatriots",11
"70","各地服仗òe措_中共中央_彻ぷ鬓k公室、赵号_呈辙k公室","http://big5.gwytb.gov.cn/fuwu/",2020-12-09,"Compatriots",6
"71","聊城市委常委、副市长张旋宇走访台企台胞_中共中央台湾工作办公室...","http://www.gwytb.gov.cn/service/201701/t20170123_11685593.htm",2020-12-05,"Compatriots",11
"72","一分钟看懂卡式台胞证_中共中央台湾工作办公室、国务院台湾事务...","http://www.gwytb.gov.cn/wl/re7/lai7/201705/t20170522_11786612.htm",2015-07-02,"Compatriots",1
"73","沈阳市常住台胞踊跃申领台湾居民居住证_中共中央台湾工作办公室...","http://www.gwytb.gov.cn/service/gxtbsh/201809/t20180906_12056307.htm",2020-12-05,"Compatriots",11
"74","台籍教师:居住证的便利将吸引更多台胞到平潭来_中共中央台湾工作...","http://www.gwytb.gov.cn/jl/zxzx_43777/201809/t20180911_12058250.htm",2018-09-06,"Compatriots",3
"75","9月21日起全面启用电子台胞证_中共中央台湾工作办公室、国务院...","http://www.gwytb.gov.cn/wl/zcfg_43785/l_43904/201509/t20150915_10675288.htm",2015-09-15,"Compatriots",1
"76","广西台办开展“六个一”活动 解决台商台胞实际问题_中共中央台湾...","http://www.gwytb.gov.cn/service/201603/t20160315_11410085.htm",2016-03-15,"Compatriots",1
"77","无锡市公安局热心服务台胞 用真情签注满意_中共中央台湾工作办公...","http://www.gwytb.gov.cn/wl/zxzx_43786/201412/t20141216_8377072.htm",2014-03-31,"Compatriots",2
"78","2018年广西台商台胞台属中秋茶话会暨涉台政策法规宣讲活动在南宁...","http://www.gwytb.gov.cn/service/gxtbsh/201809/t20180920_12062325.htm",2020-12-05,"Compatriots",11
"79","四川各地春节前夕慰问台企台胞送温暖_中共中央台湾工作办公室...","http://www.gwytb.gov.cn/service/201401/t20140127_5597117.htm",2014-01-27,"Compatriots",2
"80","湖北襄阳市台办出台措施服务台胞台企_中共中央台湾工作办公室...","http://www.gwytb.gov.cn/jj/zxzx_43783/201312/t20131231_5456408.htm",2013-09-12,"Compatriots",1
"81","成都市温江区建立专务联络员机制为台企台胞提供“保姆式”服务...","http://www.gwytb.gov.cn/service/cxggjc/201805/t20180516_11955338.htm",2020-12-05,"Compatriots",11
"82","设台胞优先标志 广西开通台胞就医绿色通道_中共中央台湾工作办公...","http://www.gwytb.gov.cn/jy_43772/zxzx_43774/201307/t20130726_4502320.htm",2013-07-24,"Compatriots",1
"83","南通市服务台企台胞网格化管理经验交流会在如皋举行_中共中央台湾...","http://www.gwytb.gov.cn/fuwu/201410/t20141020_7705631.htm",2014-10-20,"Compatriots",1
"84","海协会副会长孙亚夫:台胞理应分享一带一路建设机遇_中共中央台湾...","http://www.gwytb.gov.cn/lhjl/la2008/201602/t20160204_11382943.htm",2020-12-05,"Compatriots",11
"85","台胞在就业过程中自身权益受到侵害时的解决途径_中共中央台湾工作...","http://www.gwytb.gov.cn/jy/rd1/lai1/201312/t20131231_5456872.htm",2020-12-05,"Compatriots",11
"86","台胞权益保障_中共中央台湾工作办公室、国务院台湾事务办公室","http://www.gwytb.gov.cn/tbqy/",2020-12-05,"Compatriots",11
"87","江苏多地开展走访台企慰问台胞活动_中共中央台湾工作办公室...","http://www.gwytb.gov.cn/service/201401/t20140122_5574206.htm",2014-01-22,"Compatriots",1
"88","江西各地举行台胞台属中秋联谊会_中共中央台湾工作办公室、国务院...","http://www.gwytb.gov.cn/service/gxtbsh/201809/t20180927_12095659.htm",2018-09-27,"Compatriots",1
"89","福建省公布台胞投诉求助专线电话_中共中央台湾工作办公室、国务院...","http://www.gwytb.gov.cn/service/201410/t20141016_7672584.htm",2020-12-05,"Compatriots",11
"90","台胞怎样参加司法考试_中共中央台湾工作办公室、国务院台湾事务...","http://www.gwytb.gov.cn/jy/zcfg/l/201710/t20171019_11854267.htm",2008-06-12,"Compatriots",1
"91","港澳台居民居住证正式办理 重庆台胞踊跃申办_中共中央台湾工作...","http://www.gwytb.gov.cn/service/gxtbsh/201809/t20180906_12056303.htm",2020-12-05,"Compatriots",11
"92","台胞后裔美籍华人刘伟民回湖南桂阳家乡探亲考察_中共中央台湾工作...","http://www.gwytb.gov.cn/local/201407/t20140729_6760725.htm",2014-07-28,"Compatriots",1
"93","广州市越秀区台办积极做好台胞子女入学服务_中共中央台湾工作办公...","http://www.gwytb.gov.cn/service/201705/t20170502_11757370.htm",2020-12-05,"Compatriots",11
"94","台胞子女游东山岛谒祖_中共中央台湾工作办公室、国务院台湾事务...","http://www.gwytb.gov.cn/lajlwl/trueth/201106/t20110616_1890011.htm",2020-12-04,"Compatriots",9
"95","东莞市台胞台属联谊会举办2017年春节联谊活动_中共中央台湾工作...","http://www.gwytb.gov.cn/local/201701/t20170120_11683792.htm",2020-12-04,"Compatriots",9
"96","广西开通台胞就医绿色通道_中共中央台湾工作办公室、国务院台湾...","http://www.gwytb.gov.cn/service/201307/t20130725_4495751.htm",2013-07-25,"Compatriots",1
"97","日照市扎实做好台胞台属统计工作_中共中央台湾工作办公室、国务院...","http://www.gwytb.gov.cn/service/201511/t20151125_11093737.htm",2020-12-04,"Compatriots",9
"98","珠海各方联手救助台胞林伯勋_中共中央台湾工作办公室、国务院台湾...","http://www.gwytb.gov.cn/service/201602/t20160215_11386786.htm",2016-02-15,"Compatriots",1
"99","漳州市成立台胞台商服务中心_中共中央台湾工作办公室、国务院台湾...","http://www.gwytb.gov.cn/service/201612/t20161230_11667557.htm",2016-12-30,"Compatriots",2
"100","农业农村部部署全国农机购置补贴工作 台胞台企可享同等利好_中共...","http://www.gwytb.gov.cn/tbqy/zongshu/201806/t20180622_11967752.htm",2018-03-26,"Compatriots",1
"101","国台办介绍“31条惠及台胞措施”最新落实情况_中共中央台湾工作...","http://www.gwytb.gov.cn/wyly/201805/t20180516_11955399.htm",2018-05-16,"Compatriots",2
"102","平潭先行先试 台胞在大陆首获个税财政补贴_中共中央台湾工作办公...","http://www.gwytb.gov.cn/jy/rd1/lai1/201312/t20131231_5456818.htm",2013-04-17,"Compatriots",2
"103","厦门65周岁以上台胞可办理敬老卡_中共中央台湾工作办公室、国务院...","http://www.gwytb.gov.cn/service/gxtbsh/201805/t20180504_11951757.htm",2020-12-04,"Compatriots",9
"104","广西河池市台办走访慰问台商台胞台属_中共中央台湾工作办公室...","http://www.gwytb.gov.cn/service/201701/t20170120_11683827.htm",2020-12-04,"Compatriots",9
"105","大连市常住台胞申领台湾居民居住证_中共中央台湾工作办公室...","http://www.gwytb.gov.cn/service/gxtbsh/201809/t20180906_12056310.htm",2020-12-04,"Compatriots",9
"106","各地服仗òe措_中共中央_彻ぷ鬓k公室、赵号_呈辙k公室","http://big5.gwytb.gov.cn/fuwu/index_3.htm",2020-12-04,"Compatriots",9
"107","效率高!申请3小时后台胞领到居住证_中共中央台湾工作办公室...","http://www.gwytb.gov.cn/service/gxtbsh/201809/t20180904_12055468.htm",2018-09-04,"Compatriots",3
"108","河南省台办慰问在豫就读台湾学子并举行台胞青年中秋联谊会_中共...","http://www.gwytb.gov.cn/service/gxtbsh/201809/t20180928_12096220.htm",2020-12-09,"Compatriots",6
"109","台胞换大陆驾照平潭也能办理_中共中央台湾工作办公室、国务院台湾...","http://www.gwytb.gov.cn/zzks/zxzx_43780/201412/t20141216_8382212.htm",2012-06-06,"Compatriots",1
"110","四川遂宁专设服务绿色通道 方便台胞更换驾照_中共中央台湾工作...","http://www.gwytb.gov.cn/zzks/zxzx_43780/201412/t20141216_8379192.htm",2011-08-19,"Compatriots",1
"111","台胞就医常见问题_中共中央台湾工作办公室、国务院台湾事务办公室","http://www.gwytb.gov.cn/zn/doctor/201401/t20140113_5518512.htm",2020-12-04,"Compatriots",9
"112","贯彻“31条惠及台胞措施” 厦门推出60条举措_中共中央台湾工作...","http://www.gwytb.gov.cn/local/201804/t20180416_11943852.htm",2018-04-16,"Compatriots",3
"113","灌云县警方“绿色通道”倾力服务台胞办证 喜获满页“宝贵意见...","http://www.gwytb.gov.cn/service/gxtbsh/201809/t20180906_12056309.htm",2020-12-04,"Compatriots",9
"114","台商台胞学习跨境电商“杭州经验”_中共中央台湾工作办公室...","http://www.gwytb.gov.cn/service/cxggjc/201809/t20180914_12060265.htm",2018-09-14,"Compatriots",1
"115","大陆首家依托公立医院的台胞医院上海开诊_中共中央台湾工作办公室...","http://www.gwytb.gov.cn/jy_43772/zxzx_43774/201312/t20131220_5399561.htm",2013-11-29,"Compatriots",1
"116","各地台商台胞热议两岸领导人会面_中共中央台湾工作办公室、国务院...","http://www.gwytb.gov.cn/local/201511/t20151111_11017106.htm",2015-11-11,"Compatriots",1
"117","台胞到闽参加司法考试趋热_中共中央台湾工作办公室、国务院台湾...","http://www.gwytb.gov.cn/jy/rd1/qita1/201312/t20131231_5456859.htm",2012-12-21,"Compatriots",3
"118","广州举办说明会 宣讲“广州60条惠及台胞措施”_中共中央台湾工作...","http://www.gwytb.gov.cn/service/201808/t20180827_12051807.htm",2018-08-27,"Compatriots",3
"119","常州市台办多措并举积极维护台商台胞合法权益_中共中央台湾工作...","http://www.gwytb.gov.cn/service/201310/t20131017_5049323.htm",2020-12-03,"Compatriots",7
"120","广西台办举办2018台商台胞台属普法维权(桂林专场)宣讲活动_中共...","http://www.gwytb.gov.cn/service/fwtqfa/201809/t20180928_12096209.htm",2020-12-03,"Compatriots",7
"121","台胞权益保护工作动态_中共中央台湾工作办公室、国务院台湾事务...","http://www.gwytb.gov.cn/tbqy/zongshu/",2020-12-03,"Compatriots",7
"122","江西涉台商事仲裁中心正式揭牌 依法维护台企台胞合法权益_中共...","http://www.gwytb.gov.cn/tbqy/zongshu/201808/t20180824_12051182.htm",2018-08-24,"Compatriots",1
"123","台胞在大陆参保切实享受国家福利待遇_中共中央台湾工作办公室...","http://www.gwytb.gov.cn/m/news/201912/t20191211_12224791.htm",2019-12-11,"Compatriots",2
"124","台胞在大陆发生医疗纠纷如何投诉?_中共中央台湾工作办公室...","http://www.gwytb.gov.cn/jy_43772/zxzx_43774/201512/t20151203_11156519.htm",2015-12-03,"Compatriots",7
"125","山东省台办召开台胞权益保护工作会座谈会_中共中央台湾工作办公室...","http://www.gwytb.gov.cn/tbqy/201504/t20150423_9644615.htm",2015-04-23,"Compatriots",2
"126","台胞申请定居大陆后,如何得知是否获得批准?_中共中央台湾工作办公...","http://www.gwytb.gov.cn/jl/zxzx_43777/201512/t20151203_11156585.htm",2015-12-03,"Compatriots",7
"127","在祖国大陆台胞可参选各级人代会代表_中共中央台湾工作办公室...","http://www.gwytb.gov.cn/zlzx/zchb/201101/t20110123_1725774.htm",1996-03-10,"Compatriots",1
"128","灌h警方“G色通道”A力服仗òkC 喜@M“F意...","http://big5.gwytb.gov.cn/service/gxtbsh/201809/t20180906_12056309.htm",2020-12-03,"Compatriots",7
"129","广东省台联举办全省台联系统专职干部暨优秀中青年台胞培训班_中共...","http://www.gwytb.gov.cn/local/201704/t20170421_11751516.htm",2017-04-20,"Compatriots",1
"130","台胞在报考大陆高校博士、硕士研究生时需要做哪些准备?_中共中央...","http://www.gwytb.gov.cn/jx/re2/lai2/201312/t20131230_5446807.htm",2020-12-03,"Compatriots",7
"131","广州就推进落实“31条惠及台胞措施”开展调研_中共中央台湾工作...","http://www.gwytb.gov.cn/service/201804/t20180426_11948700.htm",2020-12-03,"Compatriots",7
"132","茂名市委台办协调相关职能部门为台商解读“31条惠及台胞措施...","http://www.gwytb.gov.cn/service/201803/t20180330_11938505.htm",2020-12-02,"Compatriots",3
"133","俞正声出席第三届台胞社团论坛开幕式并致辞_中共中央台湾工作办公...","http://www.gwytb.gov.cn/wyly/201409/t20140915_7328645.htm",2014-09-12,"Compatriots",1
"134","漯河市台办召开台胞台属迎新年座谈会_中共中央台湾工作办公室...","http://www.gwytb.gov.cn/local/201701/t20170126_11688522.htm",2017-01-24,"Compatriots",1
"135","李克强:继续提供优惠,让台商台胞和大陆共享发展机遇_中共中央台湾...","http://www.gwytb.gov.cn/wyly/201703/t20170315_11723679.htm",2017-03-15,"Compatriots",1
"136","台胞怎样申请大陆医师资格_中共中央台湾工作办公室、国务院台湾...","http://www.gwytb.gov.cn/jy_43772/re3/lai3/201710/t20171019_11854344.htm",2008-05-09,"Compatriots",1
"137","经批准定居的台胞如何办理户口登记手续?_中共中央台湾工作办公室...","http://www.gwytb.gov.cn/jl/zxzx_43777/201512/t20151203_11156606.htm",2015-12-03,"Compatriots",7
"138","德州市台办助台胞安全返台_中共中央台湾工作办公室、国务院台湾...","http://www.gwytb.gov.cn/service/201502/t20150216_9056863.htm",2015-02-16,"Compatriots",1
"139","海外台胞_中共中央台湾工作办公室、国务院台湾事务办公室","http://www.gwytb.gov.cn/gatsw/hwtb/",2020-11-23,"Compatriots",5
"140","检察开放日 台胞小朋友的法治“初体验”_中共中央台湾工作办公室...","http://www.gwytb.gov.cn/tbqy/zongshu/201806/t20180622_11967756.htm",2018-06-02,"Compatriots",2
"141","台办政府网站全新改版 张志军主任勉励热心服务台胞_中共中央台湾...","http://www.gwytb.gov.cn/wyly/201401/t20140126_5594975.htm",2014-01-26,"Compatriots",1
"142","上海发布实施55条措施努力为台企台胞提供“同等待遇”_中共中央...","http://www.gwytb.gov.cn/service/cxggjc/201806/t20180612_11964708.htm",2018-06-12,"Compatriots",3
"143","抚州市台办副主任毛奇峰走访慰问宜黄县台商台胞_中共中央台湾工作...","http://www.gwytb.gov.cn/service/201701/t20170125_11687576.htm",2020-12-02,"Compatriots",3
"144","青岛市台办主任方妍走访市中院、市仲裁办研商台胞权益保护工作...","http://www.gwytb.gov.cn/local/201703/t20170317_11725688.htm",2017-03-08,"Compatriots",1
"145","海协会、青岛市积极协助滞留台胞白汉骏返台_中共中央台湾工作办公...","http://www.gwytb.gov.cn/tufashijian/201101/t20110105_1676263.htm",2020-12-02,"Compatriots",3
"146","河北率先给台胞“国民待遇” 台胞就业有了新渠道_中共中央台湾...","http://www.gwytb.gov.cn/jy/zxzx/201802/t20180211_11924269.htm",2018-02-09,"Compatriots",1
"147","2017年广西台商台胞台属台生代表迎春座谈会在南宁举行_中共中央...","http://www.gwytb.gov.cn/local/201701/t20170109_11674009.htm",2017-01-06,"Compatriots",1
"148","刘结一东莞调研 强调为台胞创造更多机遇和更好条件_中共中央台湾...","http://www.gwytb.gov.cn/newsb/201801/t20180126_11911711.htm",2018-01-26,"Compatriots",1
"149","100多名滞留湖北台胞29日晚从上海返回台湾_中共中央台湾工作办公...","http://www.gwytb.gov.cn/m/news/202003/t20200330_12260657.htm",2020-03-30,"Compatriots",2
"150","各省、自治区、直辖市及部分副省级以上城市台胞权益保障机构及...","http://www.gwytb.gov.cn/tbqy/fangshi/201211/t20121105_3350381.htm",2020-12-07,"Compatriots",7
"151","仪征市台办启动“台企台胞走访服务月”活动_中共中央台湾工作办公...","http://www.gwytb.gov.cn/service/201405/t20140506_6114090.htm",2020-12-01,"Compatriots",10
"152","天津市出入境管理局为台胞启动“绿色通道”补发证件_中共中央台湾...","http://www.gwytb.gov.cn/service/201508/t20150818_10499561.htm",2020-12-01,"Compatriots",10
"153","江苏出台76条实施意见 助台胞享受同等待遇_中共中央台湾工作办公...","http://www.gwytb.gov.cn/31t/bjzl/201809/t20180912_12058960.html",2018-09-12,"Compatriots",5
"154","四川召开全省对台经济和台胞权益保护工作座谈会_中共中央台湾工作...","http://www.gwytb.gov.cn/local/201706/t20170622_11806477.htm",2017-06-22,"Compatriots",1
"155","台胞怎样办“小三通”证明_中共中央台湾工作办公室、国务院台湾...","http://www.gwytb.gov.cn/jj/re6/la6/201710/t20171020_11854808.htm",2008-06-05,"Compatriots",1
"156","各地台胞权益保护机构及联系方式_中共中央台湾工作办公室、国务院...","http://www.gwytb.gov.cn/tbqy/fangshi/",2020-12-01,"Compatriots",10
"157","仪征市台商台胞台属热议习近平总书记两岸关系重要讲话_中共中央...","http://www.gwytb.gov.cn/local/201603/t20160311_11407571.htm",2020-12-01,"Compatriots",10
"158","杭州“市民之家”嵝姆仗ò@\旗_中共中央_彻ぷ鬓k公室...","http://big5.gwytb.gov.cn/service/gxtbsh/201808/t20180827_12051799.htm",2020-12-01,"Compatriots",10
"159","广西各地举办台商台胞迎中秋联谊活动_中共中央台湾工作办公室...","http://www.gwytb.gov.cn/service/gxtbsh/201809/t20180921_12063188.htm",2018-09-21,"Compatriots",1
"160","微信群和公众号架起服务台胞便捷通道_中共中央台湾工作办公室...","http://www.gwytb.gov.cn/service/201512/t20151201_11136789.htm",2015-12-01,"Compatriots",2
"161","郑州市举办台胞台属台商子女“看郑州”夏令营活动_中共中央台湾...","http://www.gwytb.gov.cn/service/201507/t20150722_10304581.htm",2020-12-01,"Compatriots",10
"162","茂名市举行2017年台胞台商台属迎春联谊会_中共中央台湾工作办公室...","http://www.gwytb.gov.cn/local/201701/t20170124_11686981.htm",2017-01-22,"Compatriots",3
"163","达州市台办开展困难台胞台属帮扶救助工作_中共中央台湾工作办公室...","http://www.gwytb.gov.cn/service/gxtbsh/201712/t20171212_11878141.htm",2017-12-12,"Compatriots",1
"164","江苏省台办及时协助解决台胞网上求助_中共中央台湾工作办公室...","http://www.gwytb.gov.cn/service/201311/t20131121_5241317.htm",2020-12-01,"Compatriots",10
"165","国台办:即将实施的《个人所得税法》进一步放宽对台胞的优惠安排...","http://www.gwytb.gov.cn/wyly/201812/t20181226_12126341.htm",2018-12-26,"Compatriots",2
"166","江苏省台办主任座谈会召开 加强服务台胞台企工作_中共中央台湾...","http://www.gwytb.gov.cn/local/201705/t20170511_11779344.htm",2017-05-11,"Compatriots",1
"167","山东省台胞权益保护交流团赴台听取台胞台商建议_中共中央台湾工作...","http://www.gwytb.gov.cn/service/201605/t20160506_11451759.htm",2020-12-01,"Compatriots",10
"168","泉州市领导深入基层慰问困难台胞_中共中央台湾工作办公室、国务院...","http://www.gwytb.gov.cn/service/201802/t20180209_11923275.htm",2020-12-01,"Compatriots",10
"169","台胞在宁创业故事――《青创未来》南京首发_中共中央台湾工作办公...","http://www.gwytb.gov.cn/service/201706/t20170626_11807781.htm",2020-12-01,"Compatriots",10
"170","国台办:哀悼在菲遇难台胞,愿提供任何必要协助_中共中央台湾工作...","http://www.gwytb.gov.cn/wyly/201706/t20170603_11793952.htm",2017-06-03,"Compatriots",1
"171","台胞社区助理厦门上岗_中共中央台湾工作办公室、国务院台湾事务...","http://www.gwytb.gov.cn/service/cxggjc/201806/t20180612_11964692.htm",2018-06-12,"Compatriots",3
"172","大连市举办纪念海峡两岸交流30周年台商台胞座谈会_中共中央台湾...","http://www.gwytb.gov.cn/local/201709/t20170929_11848124.htm",2020-11-30,"Compatriots",3
"173","国台办:台胞在大陆的合法权益有充分保障_中共中央台湾工作办公室...","http://www.gwytb.gov.cn/wyly/201703/t20170329_11734561.htm",2017-03-29,"Compatriots",1
"174","扬州市发放《台胞缴纳使用住房公积金有关事项须知》_中共中央台湾...","http://www.gwytb.gov.cn/service/201804/t20180419_11945676.htm",2020-11-30,"Compatriots",3
"175","上海市台办法律顾问制度服务在沪台商台胞台属_中共中央台湾工作...","http://www.gwytb.gov.cn/guide_rules/method/201712/t20171220_11880994.htm",2017-12-20,"Compatriots",1
"176","国台办:大陆过去是、现在是、未来也仍会是台胞台企投资兴业最佳...","http://www.gwytb.gov.cn/wyly/201911/t20191127_12221336.htm",2019-11-27,"Compatriots",1
"177","中台办:大陆正积极准备为台胞提供急需救灾物资_中共中央台湾工作...","http://www.gwytb.gov.cn/speech/tbldjh/201101/t20110123_1724491.htm",2009-08-14,"Compatriots",1
"178","新余台办春节走访慰问台胞台企_中共中央台湾工作办公室、国务院...","http://www.gwytb.gov.cn/service/201701/t20170125_11687570.htm",2020-11-30,"Compatriots",3
"179","天津市举行台胞新春联谊晚会_中共中央台湾工作办公室、国务院台湾...","http://www.gwytb.gov.cn/local/201202/t20120209_2284347.htm",2012-02-09,"Compatriots",1
"180","人民日报评论员文章:和平统一法 保护台胞法 反“台独”法_中共...","http://www.gwytb.gov.cn/forum/201101/t20110104_1674291.htm",2020-11-29,"Compatriots",2
"181","河南省各地开展春节走访台企慰问台胞台属活动_中共中央台湾工作...","http://www.gwytb.gov.cn/fuwu/201601/t20160128_11376662.htm",2016-01-28,"Compatriots",3
"182","台胞健康服务北京中心设立_中共中央台湾工作办公室、国务院台湾...","http://www.gwytb.gov.cn/jy_43772/zxzx_43774/201412/t20141216_8382828.htm",2014-08-28,"Compatriots",1
"183","象山台胞医院与宁波大学附属医院合作_中共中央台湾工作办公室...","http://www.gwytb.gov.cn/jy_43772/zxzx_43774/201305/t20130506_4168452.htm",2013-05-03,"Compatriots",1
"184","国台办:“31条惠及台胞措施” 发布实施以来取得积极成果_中共中央...","http://www.gwytb.gov.cn/wyly/201812/t20181226_12126335.htm",2018-12-26,"Compatriots",2
"185","国台办:深化两岸融合发展 为台胞投入国家法治建设创造更好条件...","http://www.gwytb.gov.cn/wyly/201905/t20190515_12165174.htm",2019-05-15,"Compatriots",1
"186","国台办:台湾居民居住证与台胞证并行不悖_中共中央台湾工作办公室...","http://www.gwytb.gov.cn/wyly/201809/t20180912_12058925.htm",2018-09-12,"Compatriots",5
"187","山东省台办召开对台经济和台胞权益保护工作研商会_中共中央台湾...","http://www.gwytb.gov.cn/service/201503/t20150317_9304431.htm",2015-03-17,"Compatriots",1
"188","国台办副主任龙明彪走访慰问赣闽两地台胞_中共中央台湾工作办公室...","http://www.gwytb.gov.cn/m/tbnews/201801/t20180126_11911318.htm",2018-01-25,"Compatriots",3
"189","茂名市委台办协调相关职能部门为台商解读“31条惠及台胞措施...","http://www.gwytb.gov.cn/service/fwtqfa/201803/t20180330_11938503.htm",2020-11-29,"Compatriots",2
"190","落实“31条惠及台胞措施” 天津南开区建立“三专”服务台生渠道...","http://www.gwytb.gov.cn/service/cxggjc/201804/t20180404_11940064.htm",2018-04-04,"Compatriots",1
"191","|莞_心t院⒂ 可10f台胞提供服_中共中央_彻ぷ鬓k公室...","http://big5.gwytb.gov.cn/jy_43772/zxzx_43774/201412/t20141216_8382769.htm",2020-11-28,"Compatriots",1
"192","福州市推广设立台胞权益保障法官工作室总结经验交流会_中共中央...","http://www.gwytb.gov.cn/tbqy/zongshu/201806/t20180622_11967753.htm",2018-04-20,"Compatriots",1
"193","为台胞寻根的二十四小时_中共中央台湾工作办公室、国务院台湾事务...","http://www.gwytb.gov.cn/service/201404/t20140428_6080555.htm",2020-11-27,"Compatriots",1
"194","厦门认真贯彻31条惠及台胞措施 依法保护台商权益_中共中央台湾...","http://www.gwytb.gov.cn/tbqy/201808/t20180808_12044988.htm",2018-08-08,"Compatriots",2
"195","逾300名台胞在福州报考专利代理人_中共中央台湾工作办公室...","http://www.gwytb.gov.cn/service/gxtbsh/201507/t20150722_10305342.htm",2015-07-22,"Compatriots",5
"196","台胞在大陆遇突发危重疾病如何寻求帮助?_中共中央台湾工作办公室...","http://www.gwytb.gov.cn/jy_43772/zxzx_43774/201512/t20151203_11156448.htm",2015-12-03,"Compatriots",7
"197","山东省济南市委征求台商企业家和台胞台属代表意见建议_中共中央...","http://www.gwytb.gov.cn/topone/201308/t20130819_4669378.htm",2013-08-16,"Compatriots",1
"198","泉州市举办台商台胞座谈会 宣传“31条惠及台胞措施”_中共中央...","http://www.gwytb.gov.cn/service/201803/t20180330_11938501.htm",2020-11-26,"Compatriots",2
"199","湖北省台办:继续协助滞留台胞尽快返台,希望台湾方面配合_中共中央...","http://www.gwytb.gov.cn/wyly/202002/t20200207_12240005.htm",2020-02-06,"Compatriots",2
"200","信阳市落实台胞缴存使用住房公积金相关政策_中共中央台湾工作办公...","http://www.gwytb.gov.cn/service/201805/t20180529_11959691.htm",2020-11-26,"Compatriots",2
"201","第二批滞留湖北台胞将乘坐两岸临时航班返回台湾_中共中央台湾工作...","http://www.gwytb.gov.cn/m/news/202003/t20200311_12254501.htm",2020-03-11,"Compatriots",2
"202","江苏多地举行台商台胞新春联谊会_中共中央台湾工作办公室、国务院...","http://www.gwytb.gov.cn/service/201802/t20180224_11926730.htm",2018-02-13,"Compatriots",8
"203","大连市台办组织台胞开展“庆三八・春风里看大连”活动_中共中央...","http://www.gwytb.gov.cn/service/201803/t20180312_11932464.htm",2018-03-12,"Compatriots",1
"204","新密市积极为台企台胞提供法律援助_中共中央台湾工作办公室...","http://www.gwytb.gov.cn/service/201806/t20180604_11961410.htm",2020-11-25,"Compatriots",3
"205","盐城市全面贯彻落实“31条惠及台胞措施”_中共中央台湾工作办公室...","http://www.gwytb.gov.cn/service/201807/t20180718_12036896.htm",2018-07-16,"Compatriots",1
"206","国台办介绍帮扶台胞台企利好政策措施落实情况_中共中央台湾工作...","http://www.gwytb.gov.cn/wyly/202010/t20201028_12303684.htm",2020-10-28,"Compatriots",1
"207","天津市举行台胞新春联谊会_中共中央台湾工作办公室、国务院台湾...","http://www.gwytb.gov.cn/service/gxtbsh/201802/t20180224_11926712.htm",2018-02-13,"Compatriots",8
"208","上海外滩踩踏事件受伤台胞返台_中共中央台湾工作办公室、国务院...","http://www.gwytb.gov.cn/tufashijian/201501/t20150109_8646467.htm",2015-01-04,"Compatriots",1
"209","四川发布“川台70条” 促台胞共享四川发展机遇_中共中央台湾工作...","http://www.gwytb.gov.cn/31t/bjzl/201809/t20180905_12055589.html",2018-09-05,"Compatriots",2
"210","寒潮冻人 真情暖心 台胞杨阿姨杭州处处遇到热心人_中共中央台湾...","http://www.gwytb.gov.cn/service/201601/t20160128_11377253.htm",2016-01-28,"Compatriots",3
"211","天津台办领导走访慰问台企台胞台属并送去新春祝福_中共中央台湾...","http://www.gwytb.gov.cn/service/201702/t20170215_11699738.htm",2020-11-23,"Compatriots",5
"212","台盟中央、全国台联举办2010年在京台胞中秋茶话会_中共中央台湾...","http://www.gwytb.gov.cn/lajlwl/zdjl/201101/t20110107_1684145.htm",2010-09-20,"Compatriots",1
"213","天津台办慰问在津台胞_中共中央台湾工作办公室、国务院台湾事务...","http://www.gwytb.gov.cn/service/201508/t20150818_10499564.htm",2020-11-23,"Compatriots",5
"214","淮南市台办获赠台胞锦旗_中共中央台湾工作办公室、国务院台湾事务...","http://www.gwytb.gov.cn/service/201509/t20150921_10702452.htm",2020-11-23,"Compatriots",5
"215","台胞在大陆学校就读,采用什么收费标准?_中共中央台湾工作办公室...","http://www.gwytb.gov.cn/jx/re2/lai2/201312/t20131230_5446844.htm",2020-11-23,"Compatriots",5
"216","内蒙古台办三项举措服务台商台胞_中共中央台湾工作办公室、国务院...","http://www.gwytb.gov.cn/service/201801/t20180129_11912340.htm",2018-01-29,"Compatriots",2
"217","广州市台办积极协调救助患癌台胞返台_中共中央台湾工作办公室...","http://www.gwytb.gov.cn/service/201802/t20180212_11924666.htm",2020-11-22,"Compatriots",2
"218","严隽琪强调切实保障台胞投资合法权益_中共中央台湾工作办公室...","http://www.gwytb.gov.cn/speech/speech/201101/t20110123_1724025.htm",2010-01-18,"Compatriots",1
"219","湖北省台办:在鄂台胞要求台湾方面让他们尽快回家_中共中央台湾...","http://www.gwytb.gov.cn/wyly/202002/t20200212_12242401.htm",2020-02-12,"Compatriots",3
"220","住建部、国台办赴扬州调研台胞住房公积金缴存情况_中共中央台湾...","http://www.gwytb.gov.cn/service/201708/t20170811_11829731.htm",2017-08-11,"Compatriots",1
"221","淮安市召开台胞投资权益保障协调委员会联络员会议_中共中央台湾...","http://www.gwytb.gov.cn/fuwu/201410/t20141011_7609602.htm",2014-10-11,"Compatriots",1
"222","杭州市成立台商(台胞)法律服务团_中共中央台湾工作办公室、国务院...","http://www.gwytb.gov.cn/service/201605/t20160531_11471181.htm",2020-11-22,"Compatriots",2
"223","两岸航空推出台胞春节返台团体优惠票(图)_中共中央台湾工作办公室...","http://www.gwytb.gov.cn/lajm/lajmdt/201110/t20111014_2106999.htm",2011-10-14,"Compatriots",1
"224","宁波惠台80条聚焦台胞台企“最关心”的问题_中共中央台湾工作办公...","http://www.gwytb.gov.cn/jj/zxzx_43783/201807/t20180713_12035350.htm",2018-07-12,"Compatriots",1
"225","钦州市召开台商台胞台属迎春座谈会_中共中央台湾工作办公室...","http://www.gwytb.gov.cn/local/201701/t20170111_11676083.htm",2017-01-09,"Compatriots",1
"226","台胞到仪征创业可享受多种政策扶持_中共中央台湾工作办公室...","http://www.gwytb.gov.cn/service/201608/t20160818_11541756.htm",2020-11-20,"Compatriots",3
"227","湖北首次授予台胞“湖北省劳动模范”称号_中共中央台湾工作办公室...","http://www.gwytb.gov.cn/jy/zxzx/201805/t20180523_11957988.htm",2018-05-23,"Compatriots",1
"228","河北省签发首张“一次性台胞证”_中共中央台湾工作办公室、国务院...","http://www.gwytb.gov.cn/jl/zxzx_43777/201808/t20180820_12049584.htm",2018-08-14,"Compatriots",2
"229","“66条”出台近一个月 “台企台胞同等待遇”在闽加速落实_中共...","http://www.gwytb.gov.cn/jj/zxzx_43783/201807/t20180706_11972401.htm",2018-07-04,"Compatriots",2
"230","福建漳州全面启动“台商台胞服务年”活动_中共中央台湾工作办公室...","http://www.gwytb.gov.cn/jy/zxzx/201804/t20180424_11948017.htm",2018-04-24,"Compatriots",1
"231","热忱服务助台胞 跨海电话致谢意_中共中央台湾工作办公室、国务院...","http://www.gwytb.gov.cn/service/201306/t20130624_4362064.htm",2020-11-20,"Compatriots",3
"232","沈阳市台办助台胞圆70年寻亲梦_中共中央台湾工作办公室、国务院...","http://www.gwytb.gov.cn/service/gxtbsh/201802/t20180212_11924665.htm",2020-11-20,"Compatriots",3
"233","东莞台心医院启用 可为10万台胞提供服务_中共中央台湾工作办公室...","http://www.gwytb.gov.cn/jy_43772/zxzx_43774/201412/t20141216_8382769.htm",2014-06-26,"Compatriots",1
"234","台胞证过期后处理办法_中共中央台湾工作办公室、国务院台湾事务...","http://www.gwytb.gov.cn/zn/crj/201211/t20121119_3378810.htm",2020-11-19,"Compatriots",6
"235","在川台胞申领居住证:将方便在大陆生活的方方面面_中共中央台湾...","http://www.gwytb.gov.cn/jl/zxzx_43777/201809/t20180905_12055919.htm",2018-09-01,"Compatriots",7
"236","台胞到大陆幼儿园及小学就读的手续应该如何办理?_中共中央台湾...","http://www.gwytb.gov.cn/jx/re2/lai2/201312/t20131230_5446744.htm",2020-11-19,"Compatriots",6
"237","两小时寻回行李 台胞感受杭州“速度”与“温度”_中共中央台湾...","http://www.gwytb.gov.cn/service/gxtbsh/201801/t20180104_11887171.htm",2020-11-19,"Compatriots",6
"238","河南首日受理30张港澳台居民居住证 台胞赞誉有加_中共中央台湾...","http://www.gwytb.gov.cn/jl/zxzx_43777/201809/t20180905_12055930.htm",2018-09-04,"Compatriots",3
"239","正在台湾高校就读的台胞,能否到大陆普通高校申请插班试读?_中共...","http://www.gwytb.gov.cn/jx/re2/lai2/201312/t20131230_5446795.htm",2020-11-19,"Compatriots",6
"240","国台办:积极采取措施为台胞返乡过年提供便利_中共中央台湾工作...","http://www.gwytb.gov.cn/wyly/201901/t20190130_12136867.htm",2019-01-30,"Compatriots",1
"241","山东省台胞权益保护法律顾问签约仪式在济南举行_中共中央台湾工作...","http://www.gwytb.gov.cn/service/201710/t20171023_11855570.htm",2017-10-23,"Compatriots",1
"242","江苏省泰州市海陵区台办主动为台胞解决实际困难_中共中央台湾工作...","http://www.gwytb.gov.cn/service/201308/t20130813_4602930.htm",2020-11-19,"Compatriots",6
"243","南京市台办举办台胞证“延伸服务”座谈会_中共中央台湾工作办公室...","http://www.gwytb.gov.cn/service/201804/t20180419_11945677.htm",2020-11-19,"Compatriots",6
"244","服仗ò在行_中共中央_彻ぷ鬓k公室、赵号_呈辙k公室","http://big5.gwytb.gov.cn/service/index_2.htm",2020-11-18,"Compatriots",3
"245","台胞能否报考公费研究生?_中共中央台湾工作办公室、国务院台湾...","http://www.gwytb.gov.cn/jx/re2/lai2/201312/t20131230_5446824.htm",2020-11-18,"Compatriots",3
"246","广西钦州市台办开门征求台商台胞意见_中共中央台湾工作办公室...","http://www.gwytb.gov.cn/fuwu/201403/t20140314_5829466.htm",2014-03-14,"Compatriots",1
"247","台胞突发癫痫 闽医院全力救助获赠锦旗_中共中央台湾工作办公室...","http://www.gwytb.gov.cn/zn/doctor/201401/t20140113_5518526.htm",2020-11-18,"Compatriots",3
"248","南京发布“惠台75条”促台胞享同等待遇_中共中央台湾工作办公室...","http://www.gwytb.gov.cn/jl/zxzx_43777/201808/t20180813_12046535.htm",2018-08-08,"Compatriots",2
"249","凉山州台办召开2017年台胞台属新春茶话会_中共中央台湾工作办公室...","http://www.gwytb.gov.cn/local/201701/t20170126_11688670.htm",2017-01-26,"Compatriots",3
"250","面向台胞开放的专业资格考试_中共中央台湾工作办公室、国务院台湾...","http://www.gwytb.gov.cn/zn/jy/201211/t20121119_3378876.htm",2020-11-17,"Compatriots",5
"251","遂宁市市长与台胞台属企业家座谈_中共中央台湾工作办公室、国务院...","http://www.gwytb.gov.cn/service/201504/t20150401_9468821.htm",2015-04-01,"Compatriots",1
"252","台胞如何来祖国大陆申请专利?_中共中央台湾工作办公室、国务院...","http://www.gwytb.gov.cn/zzks/zcfg_43779/l_43892/201710/t20171019_11854362.htm",2020-11-17,"Compatriots",5
"253","中台办、国台办要求切实加强台胞权益保护_中共中央台湾工作办公室...","http://www.gwytb.gov.cn/newsb/201304/t20130409_4057124.htm",2013-04-09,"Compatriots",1
"254","大连市台办协助台胞办理公证事宜_中共中央台湾工作办公室、国务院...","http://www.gwytb.gov.cn/service/201703/t20170331_11736303.htm",2020-11-17,"Compatriots",5
"255","沈阳市台办和公安部门帮助台胞罗振禄顺利返台_中共中央台湾工作...","http://www.gwytb.gov.cn/service/201705/t20170517_11782848.htm",2020-11-17,"Compatriots",5
"256","扬州市积极完善台胞权益保障机制_中共中央台湾工作办公室、国务院...","http://www.gwytb.gov.cn/tbqy/201603/t20160310_11406817.htm",2020-11-17,"Compatriots",5
"257","广州出台60条惠及台胞措施 共享改革开放红利_中共中央台湾工作...","http://www.gwytb.gov.cn/31t/bjzl/201807/t20180731_12042145.html",2018-07-31,"Compatriots",2
"258","“十一五”期间台胞权益保护工作综述_中共中央台湾工作办公室...","http://www.gwytb.gov.cn/tbqy/zongshu/201211/t20121105_3350380.htm",2011-01-06,"Compatriots",1
"259","台资高地江苏昆山深入推进“31条惠及台胞措施”_中共中央台湾工作...","http://www.gwytb.gov.cn/local/201804/t20180416_11944173.htm",2018-04-16,"Compatriots",3
"260","济南市公安局出台服务台商台胞十项措施_中共中央台湾工作办公室...","http://www.gwytb.gov.cn/wl/zxzx_43786/201412/t20141216_8377073.htm",2014-04-17,"Compatriots",1
"261","泰州市设立车站机场台胞服务处 优化台胞出行环境_中共中央台湾...","http://www.gwytb.gov.cn/service/201807/t20180718_12036901.htm",2020-12-09,"Compatriots",6
"262","平潭“60后”台胞为两岸青年孵化创业梦_中共中央台湾工作办公室...","http://www.gwytb.gov.cn/jy/zxzx/201808/t20180829_12052790.htm",2018-08-21,"Compatriots",2
"263","原产地证书核发情况体现对台胞极大利好_中共中央台湾工作办公室...","http://www.gwytb.gov.cn/lhjl/ecfa/201211/t20121112_3361406.htm",2011-01-12,"Compatriots",1
"264","平潭先行先试 台胞在大陆首获个税财政补贴_中共中央台湾工作办公...","http://www.gwytb.gov.cn/zn/jy/201304/t20130419_4101080.htm",2013-04-17,"Compatriots",2
"265","福州自贸片区:持续优化台胞台企金融服务_中共中央台湾工作办公室...","http://www.gwytb.gov.cn/service/201708/t20170822_11833854.htm",2017-08-22,"Compatriots",1
"266","澧县台办建立微信群开通服务台胞直通车_中共中央台湾工作办公室...","http://www.gwytb.gov.cn/service/201609/t20160905_11559723.htm",2016-09-05,"Compatriots",1
"267","大陆方面积极处理福建龙岩台胞旅游交通事故_中共中央台湾工作办公...","http://www.gwytb.gov.cn/wyly/201608/t20160813_11536773.htm",2016-08-13,"Compatriots",1
"268","山东省台胞投资保护立法交流团访台听取台胞意见建议_中共中央台湾...","http://www.gwytb.gov.cn/fuwu/201410/t20141015_7653464.htm",2020-11-13,"Compatriots",15
"269","十堰市竹山县台办畅通台胞台属诉求“绿色通道”_中共中央台湾工作...","http://www.gwytb.gov.cn/service/201505/t20150506_9742012.htm",2015-05-06,"Compatriots",1
"270","南宁台商台胞热议习近平总书记到广西考察_中共中央台湾工作办公室...","http://www.gwytb.gov.cn/local/201704/t20170426_11754016.htm",2017-04-25,"Compatriots",1
"271","福建省19个火车站开通台胞自助购取票服务_中共中央台湾工作办公室...","http://www.gwytb.gov.cn/jl/zxzx_43777/201707/t20170727_11824564.htm",2017-07-27,"Compatriots",1
"272","时评:民进党当局莫再阻挡台胞返乡之路_中共中央台湾工作办公室...","http://www.gwytb.gov.cn/wyly/202002/t20200220_12245187.htm",2020-02-20,"Compatriots",2
"273","国台办副主任叶克冬在浙走访慰问台胞_中共中央台湾工作办公室...","http://www.gwytb.gov.cn/newsb/201502/t20150215_9049311.htm",2015-02-15,"Compatriots",2
"274","厦门落实“60条惠及台胞措施”获成效_中共中央台湾工作办公室...","http://www.gwytb.gov.cn/jj/zxzx_43783/201806/t20180608_11963382.htm",2018-06-06,"Compatriots",2
"275","全国人大常委会执法检查组认为保护台胞投资权益积极有效_中共中央...","http://www.gwytb.gov.cn/speech/speech/201101/t20110123_1724039.htm",2020-11-13,"Compatriots",15
"276","成都市武侯区服务台胞三措施_中共中央台湾工作办公室、国务院台湾...","http://www.gwytb.gov.cn/service/201504/t20150408_9524741.htm",2020-11-13,"Compatriots",15
"277","福建省积极服务台胞来闽就业创业_中共中央台湾工作办公室、国务院...","http://www.gwytb.gov.cn/service/201707/t20170727_11824498.htm",2020-11-13,"Compatriots",15
"278","时疫无情,同胞有爱――大陆各地政府与各界关心照顾台胞","http://www.gwytb.gov.cn/wyly/202002/t20200218_12244404.htm",2020-02-06,"Compatriots",2
"279","在厦台胞点赞“31条措施”落实:“没想到那么快那么细”_中共中央...","http://www.gwytb.gov.cn/jj/zxzx_43783/201804/t20180413_11942984.htm",2018-04-13,"Compatriots",3
"280","毕节市制定惠台旅游政策:台胞将享受当地国有景区免门票优惠_中共...","http://www.gwytb.gov.cn/service/gxtbsh/201711/t20171127_11872434.htm",2020-11-13,"Compatriots",15
"281","梁国扬:与时俱进沟通两岸 脚踏实地服务台胞_中共中央台湾工作办公...","http://www.gwytb.gov.cn/wyly/201101/t20110124_1731282.htm",2009-01-15,"Compatriots",1
"282","仪征市车管所方便台胞办理车驾管业务_中共中央台湾工作办公室...","http://www.gwytb.gov.cn/service/201404/t20140410_5993796.htm",2020-11-13,"Compatriots",15
"283","晋江市为年满60岁台胞免费体检_中共中央台湾工作办公室、国务院...","http://www.gwytb.gov.cn/service/201605/t20160512_11455860.htm",2020-11-13,"Compatriots",15
"284","江苏常州首批百位台商台胞喜领医疗保健绿卡_中共中央台湾工作办公...","http://www.gwytb.gov.cn/local/201108/t20110818_1967933.htm",2020-11-13,"Compatriots",15
"285","福建开展《台投法》执法检查落实保障台胞权益_中共中央台湾工作...","http://www.gwytb.gov.cn/service/201405/t20140530_6244322.htm",2014-05-30,"Compatriots",2
"286","山东省直有关部门对台经济和台胞权益保障工作联系会在济南召开...","http://www.gwytb.gov.cn/service/201301/t20130129_3684202.htm",2013-01-29,"Compatriots",1
"287","仪征市台商台胞台属高度关注全国“两会”_中共中央台湾工作办公室...","http://www.gwytb.gov.cn/local/201603/t20160322_11415741.htm",2016-03-22,"Compatriots",1
"288","镇江召开台胞投资权益保障协调委员会联席会议_中共中央台湾工作...","http://www.gwytb.gov.cn/service/201309/t20130916_4886934.htm",2013-09-16,"Compatriots",1
"289","福建首度将台胞纳入劳模评选表彰_中共中央台湾工作办公室、国务院...","http://www.gwytb.gov.cn/jy/zxzx/201804/t20180428_11949824.htm",2018-04-28,"Compatriots",1
"290","广西召开台商台胞台属台生迎春座谈会_中共中央台湾工作办公室...","http://www.gwytb.gov.cn/fuwu/201601/t20160106_11359458.htm",2016-01-06,"Compatriots",2
"291","四川省召开贯彻落实“31条惠及台胞措施”座谈会_中共中央台湾工作...","http://www.gwytb.gov.cn/local/201806/t20180627_11969417.htm",2018-06-27,"Compatriots",2
"292","广西南宁市各方救助八旬台胞温情满满_中共中央台湾工作办公室...","http://www.gwytb.gov.cn/service/201506/t20150615_10040452.htm",2020-11-13,"Compatriots",15
"293","山东省召开省直部门台胞权益保护工作研商会_中共中央台湾工作办公...","http://www.gwytb.gov.cn/fuwu/201402/t20140225_5730290.htm",2014-02-25,"Compatriots",1
"294","国台办:各地各部门继续推进落实“31条惠及台胞措施”_中共中央...","http://www.gwytb.gov.cn/wyly/201809/t20180912_12058924.htm",2018-09-12,"Compatriots",5
"295","枣庄市公安局出台服务台商台胞十项措施_中共中央台湾工作办公室...","http://www.gwytb.gov.cn/service/201501/t20150129_8869979.htm",2020-11-13,"Compatriots",15
"296","央视报道安徽省台胞权益保护工作成功案例和经验_中共中央台湾工作...","http://www.gwytb.gov.cn/fuwu/201511/t20151117_11048306.htm",2015-11-16,"Compatriots",1
"297","2013“跨越海峡 相约中原”台胞青年夏令营河南安阳开营_中共中央...","http://www.gwytb.gov.cn/local/201307/t20130710_4431709.htm",2013-07-10,"Compatriots",3
"298","海南省台办深入基层慰问台胞台企_中共中央台湾工作办公室、国务院...","http://www.gwytb.gov.cn/local/201302/t20130207_3761563.htm",2020-11-13,"Compatriots",15
"299","死神手里夺生命――解放军第101医院抢救危重台胞生命纪实_中共...","http://www.gwytb.gov.cn/service/201405/t20140523_6201254.htm",2014-05-23,"Compatriots",1
"300","台胞回乡探亲遗失包裹 民警细心排查帮其找回_中共中央台湾工作...","http://www.gwytb.gov.cn/service/201607/t20160729_11523053.htm",2016-07-29,"Compatriots",1
"301","山东省召开全省对台经济和台胞权益保护工作会议_中共中央台湾工作...","http://www.gwytb.gov.cn/fuwu/201604/t20160425_11442595.htm",2016-04-25,"Compatriots",2
"302","上海拟地方立法为台胞提供社会公共服务领域“市民待遇”_中共中央...","http://www.gwytb.gov.cn/service/201508/t20150803_10386746.htm",2015-08-03,"Compatriots",1
"303","湖南常德台办助台胞找到失散65年亲人_中共中央台湾工作办公室...","http://www.gwytb.gov.cn/service/201303/t20130320_3927434.htm",2013-03-20,"Compatriots",1
"304","南宁市台胞抢办首批卡式台胞证_中共中央台湾工作办公室、国务院...","http://www.gwytb.gov.cn/service/201509/t20150930_10768767.htm",2015-09-30,"Compatriots",2
"305","台胞林猛雄笑了_中共中央台湾工作办公室、国务院台湾事务办公室","http://www.gwytb.gov.cn/service/201312/t20131212_5352916.htm",2013-12-12,"Compatriots",1
"306","甘肃保障台胞权益启动联席会议制度_中共中央台湾工作办公室...","http://www.gwytb.gov.cn/service/201311/t20131126_5267802.htm",2013-11-26,"Compatriots",1
"307","劳动人事部、财政部、公安部、中国银行关于台胞职工出境探亲待遇...","http://www.gwytb.gov.cn/gjstfg/201101/t20110104_1673086.htm",2020-11-13,"Compatriots",15
"308","39位台胞南麂岛“寻根”_中共中央台湾工作办公室、国务院台湾事务...","http://www.gwytb.gov.cn/local/201307/t20130701_4393441.htm",2020-11-13,"Compatriots",15
"309","国台办:我驻墨使馆积极救援地震中受困台胞_中共中央台湾工作办公...","http://www.gwytb.gov.cn/wyly/201709/t20170927_11847599.htm",2017-09-27,"Compatriots",1
"310","萍乡市委台办春节走访慰问台胞台属_中共中央台湾工作办公室...","http://www.gwytb.gov.cn/service/201701/t20170120_11683953.htm",2020-11-13,"Compatriots",15
"311","镇江首张卡式台胞证签发_中共中央台湾工作办公室、国务院台湾事务...","http://www.gwytb.gov.cn/service/201510/t20151009_10802508.htm",2015-10-09,"Compatriots",1
"312","武汉台办:台卫生机构应对台胞确诊病例相关情况作出说明_中共中央...","http://www.gwytb.gov.cn/wyly/202002/t20200208_12240394.htm",2020-02-08,"Compatriots",2
"313","洛阳市台联举办第十届台胞台属夏令营活动_中共中央台湾工作办公室...","http://www.gwytb.gov.cn/lajlwl/trueth/201308/t20130802_4538700.htm",2020-11-13,"Compatriots",15
"314","台胞可在豫申请个体户_中共中央台湾工作办公室、国务院台湾事务...","http://www.gwytb.gov.cn/service/201512/t20151229_11337830.htm",2015-12-29,"Compatriots",1
"315","漳台族谱对接 圆台胞“寻根梦”_中共中央台湾工作办公室、国务院...","http://www.gwytb.gov.cn/lajlwl/trueth/201301/t20130106_3516807.htm",2013-01-06,"Compatriots",1
"316","高法相关负责人:依法、公正、高效保护台胞合法权益_中共中央台湾...","http://www.gwytb.gov.cn/zlzx/zchb/201801/t20180103_11886408.htm",2008-05-07,"Compatriots",1
"317","南宁市工商局开辟绿色通道办理台胞个体工商户登记_中共中央台湾...","http://www.gwytb.gov.cn/service/201604/t20160422_11441115.htm",2016-04-22,"Compatriots",1
"318","2012年来鲁台胞累计超260万人次_中共中央台湾工作办公室、国务院...","http://www.gwytb.gov.cn/zn/crj/201301/t20130124_3581867.htm",2013-01-23,"Compatriots",1
"319","部分在鄂台胞将乘包机返回台湾_中共中央台湾工作办公室、国务院...","http://www.gwytb.gov.cn/wyly/202002/t20200207_12240003.htm",2020-02-03,"Compatriots",1
"320","广州就推进落实“31条惠及台胞措施”开展调研_中共中央台湾工作...","http://www.gwytb.gov.cn/service/fwtqfa/201804/t20180426_11948676.htm",2020-11-12,"Compatriots",30
"321","海口发放首本5年有效台胞证 在琼台胞不出省便可换证_中共中央台湾...","http://www.gwytb.gov.cn/service/201307/t20130723_4488363.htm",2020-11-12,"Compatriots",30
"322","“跨越海峡・感知中原”――2015台胞青年中原行夏令营活动综述...","http://www.gwytb.gov.cn/local/201507/t20150722_10304913.htm",2015-07-22,"Compatriots",5
"323","江西铁路民警帮助八旬台胞寻亲_中共中央台湾工作办公室、国务院...","http://www.gwytb.gov.cn/service/201503/t20150323_9375206.htm",2020-11-12,"Compatriots",30
"324","大陆首家台胞社会法庭在河南成立_中共中央台湾工作办公室、国务院...","http://www.gwytb.gov.cn/local/201112/t20111223_2224104.htm",2011-12-22,"Compatriots",1
"325","台胞青年千人夏令营江西分营在南昌开营_中共中央台湾工作办公室...","http://www.gwytb.gov.cn/local/201607/t20160714_11508578.htm",2016-07-14,"Compatriots",2
"326","山东省台胞权益保障交流团赴台考察取得积极成果_中共中央台湾工作...","http://www.gwytb.gov.cn/local/201612/t20161220_11658198.htm",2020-11-12,"Compatriots",30
"327","全国台联2013年台胞青年千人夏令营成都分营开营_中共中央台湾工作...","http://www.gwytb.gov.cn/lajlwl/jykjjl/201307/t20130708_4420954.htm",2013-07-08,"Compatriots",1
"328","四川召开全省对台经济和台胞权益保护工作会议_中共中央台湾工作...","http://www.gwytb.gov.cn/service/201606/t20160617_11485651.htm",2016-06-17,"Compatriots",1
"329","北京市台联2016年台胞青年冬令营正式开营_中共中央台湾工作办公室...","http://www.gwytb.gov.cn/lajlwl/201601/t20160129_11378509.htm",2016-01-28,"Compatriots",3
"330","全国台联会长梁国扬:为台胞问政谋福我们义不容辞_中共中央台湾...","http://www.gwytb.gov.cn/wyly/201101/t20110124_1731041.htm",2008-03-20,"Compatriots",1
"331","江苏首颁保护和促进台胞投资条例 台企可享受各项扶持政策_中共...","http://www.gwytb.gov.cn/service/201212/t20121228_3500312.htm",2012-12-28,"Compatriots",1
"332","怀化市鹤城区台办服务台胞台属落实到“最后一公里”_中共中央台湾...","http://www.gwytb.gov.cn/service/201410/t20141015_7658797.htm",2020-11-12,"Compatriots",30
"333","台胞将成为福建离境退税业务最大受益者_中共中央台湾工作办公室...","http://www.gwytb.gov.cn/service/201601/t20160128_11376472.htm",2020-11-12,"Compatriots",30
"334","台胞青年千人夏令营湖南分营在郴州苏仙区开营_中共中央台湾工作...","http://www.gwytb.gov.cn/local/201507/t20150710_10234424.htm",2015-07-10,"Compatriots",1
"335","湖北省台办:民进党当局应正视在湖北台胞呼吁,尽快同意东航运送...","http://www.gwytb.gov.cn/wyly/202002/t20200220_12245621.htm",2020-02-20,"Compatriots",2
"336","2015年台胞青年千人夏令营贵州分营活动拉开序幕_中共中央台湾工作...","http://www.gwytb.gov.cn/local/201507/t20150722_10304811.htm",2015-07-22,"Compatriots",5
"337","安徽首部保护台胞投资条例通过 2016年起实施_中共中央台湾工作...","http://www.gwytb.gov.cn/tbqy/zongshu/201806/t20180622_11967736.htm",2015-11-20,"Compatriots",1
"338","泰安市台办帮助台胞骨灰返乡_中共中央台湾工作办公室、国务院台湾...","http://www.gwytb.gov.cn/service/201612/t20161228_11665322.htm",2020-11-12,"Compatriots",30
"339","鹰潭市委台办春节前夕走访慰问台胞台属_中共中央台湾工作办公室...","http://www.gwytb.gov.cn/service/201701/t20170125_11687568.htm",2020-11-12,"Compatriots",30
"340","湘乡市完善维权联席会议机制着力维护台胞权益_中共中央台湾工作...","http://www.gwytb.gov.cn/service/201408/t20140825_7088125.htm",2020-11-12,"Compatriots",30
"341","海协会与有关部门助长白山车祸伤亡台胞家属处理善后 _中共中央...","http://www.gwytb.gov.cn/tufashijian/201101/t20110105_1676257.htm",2020-11-12,"Compatriots",30
"342","厦门市思明区举办台胞驿站5・25周年庆暨台味地图启动仪式_中共...","http://www.gwytb.gov.cn/service/201605/t20160527_11468802.htm",2016-05-27,"Compatriots",1
"343","常德:返乡台胞共话常台发展_中共中央台湾工作办公室、国务院台湾...","http://www.gwytb.gov.cn/local/201704/t20170410_11741514.htm",2020-11-12,"Compatriots",30
"344","山东省台办召开服务台胞台企抓落实工作研商会_中共中央台湾工作...","http://www.gwytb.gov.cn/service/cxggjc/201509/t20150908_10627929.htm",2015-09-08,"Compatriots",1
"345","南宁市台商点赞大陆各部门出台的便利台胞政策措施_中共中央台湾...","http://www.gwytb.gov.cn/service/201705/t20170522_11786213.htm",2017-05-22,"Compatriots",2
"346","全国台联台胞青年千人夏令营湖北分营到枝江参观考察_中共中央台湾...","http://www.gwytb.gov.cn/local/201307/t20130711_4439696.htm",2013-07-11,"Compatriots",1
"347","广西南宁玉林等地开展新春走访台企慰问台胞活动_中共中央台湾工作...","http://www.gwytb.gov.cn/service/201401/t20140129_5610525.htm",2014-01-29,"Compatriots",1
"348","桂林医院开通生命绿色通道成功救治突发心梗台胞_中共中央台湾工作...","http://www.gwytb.gov.cn/service/201602/t20160229_11398021.htm",2020-11-12,"Compatriots",30
"349","广州越秀区台办积极为台胞子女入学提供服务_中共中央台湾工作办公...","http://www.gwytb.gov.cn/service/201805/t20180521_11956694.htm",2020-11-12,"Compatriots",30
"350","上半年福建接待台胞近60万人次 同比增逾两成(2011.07.21)_中共...","http://www.gwytb.gov.cn/zlzx/tjsj/201107/t20110722_1931958.htm",2011-07-21,"Compatriots",1
"351","杭州“市民之家”嵝姆仗ò@\旗_中共中央_彻ぷ鬓k公室...","http://big5.gwytb.gov.cn/service/201808/t20180827_12051806.htm",2020-11-12,"Compatriots",30
"352","在京台胞举行新春同乐会_中共中央台湾工作办公室、国务院台湾事务...","http://www.gwytb.gov.cn/wyly/201101/t20110124_1730087.htm",2004-01-08,"Compatriots",1
"353","邵阳市各地台办春节前慰问困难台胞台属_中共中央台湾工作办公室...","http://www.gwytb.gov.cn/service/201701/t20170126_11688678.htm",2020-11-12,"Compatriots",30
"354","公安部决定进一步方便台胞在大陆投资放宽限制简化手续_中共中央...","http://www.gwytb.gov.cn/zlzx/zchb/201101/t20110123_1725818.htm",1998-10-28,"Compatriots",1
"355","台湾旅客可使用“台胞证”入境澳门_中共中央台湾工作办公室...","http://www.gwytb.gov.cn/wl/zxzx_43786/201705/t20170515_11781394.htm",2017-04-05,"Compatriots",1
"356","河南省台办、省公安厅加急服务获台胞点赞_中共中央台湾工作办公室...","http://www.gwytb.gov.cn/service/201808/t20180803_12043381.htm",2018-08-03,"Compatriots",1
"357","大力推动同等待遇 深化同胞心灵契合 “31条”给台胞实实在在获得...","http://www.gwytb.gov.cn/31t/bjzl/201807/t20180703_11971183.html",2018-06-06,"Compatriots",2
"358","台胞生命线,何时能提速?_中共中央台湾工作办公室、国务院台湾事务...","http://www.gwytb.gov.cn/jy_43772/re3/qt3/201710/t20171019_11854348.htm",2008-01-22,"Compatriots",1
"359","第五期海峡两岸青年台胞电商培训班在福州开班_中共中央台湾工作...","http://www.gwytb.gov.cn/service/201707/t20170714_11819014.htm",2020-11-12,"Compatriots",30
"360","20位屈家故里台胞将启程来宜寻找“根的记忆”_中共中央台湾工作...","http://www.gwytb.gov.cn/local/201405/t20140526_6216295.htm",2014-05-26,"Compatriots",1
"361","全国台联2017年台胞青年千人夏令营河南分营开营_中共中央台湾工作...","http://www.gwytb.gov.cn/local/201707/t20170711_11817132.htm",2020-11-12,"Compatriots",30
"362","南宁市举办2016年台商台胞台属迎春座谈会_中共中央台湾工作办公室...","http://www.gwytb.gov.cn/service/201601/t20160108_11360880.htm",2016-01-08,"Compatriots",1
"363","北京市顺义区相关部门救助受困台胞获赞_中共中央台湾工作办公室...","http://www.gwytb.gov.cn/service/201412/t20141208_8288067.htm",2014-12-08,"Compatriots",1
"364","仪征市台办建立台商台胞台属全方位“畅联”机制_中共中央台湾工作...","http://www.gwytb.gov.cn/service/201702/t20170220_11703477.htm",2017-02-15,"Compatriots",1
"365","四川省成都德阳遂宁等地举办台胞中秋联谊活动_中共中央台湾工作...","http://www.gwytb.gov.cn/service/201709/t20170930_11848748.htm",2017-09-30,"Compatriots",1
"366","国台办:“台商一起来,融入大湾区”主题活动将助台胞台企共享机遇...","http://www.gwytb.gov.cn/wyly/201905/t20190529_12169174.htm",2019-05-29,"Compatriots",1
"367","预备在大陆高校就读的台胞,需要符合哪些条件?_中共中央台湾工作...","http://www.gwytb.gov.cn/jx/re2/lai2/201312/t20131230_5446781.htm",2020-11-12,"Compatriots",30
"368","哪些台胞可申请在大陆定居?_中共中央台湾工作办公室、国务院台湾...","http://www.gwytb.gov.cn/jl/zxzx_43777/201512/t20151203_11156566.htm",2015-12-03,"Compatriots",7
"369","全国专利代理人资格考试 福州197名台胞参加_中共中央台湾工作办公...","http://www.gwytb.gov.cn/zzks/zxzx_43780/201412/t20141216_8379528.htm",2013-07-10,"Compatriots",3
"370","武汉举办台胞端午联谊会畅叙亲情友情_中共中央台湾工作办公室...","http://www.gwytb.gov.cn/service/201705/t20170523_11787276.htm",2017-05-23,"Compatriots",1
"371","台盟中央、全国台联举行在京台胞新春同乐会_中共中央台湾工作办公...","http://www.gwytb.gov.cn/zlzx/zchb/201801/t20180103_11886457.htm",2009-01-21,"Compatriots",1
"372","昆山南站实现卡式台胞证自助取票_中共中央台湾工作办公室、国务院...","http://www.gwytb.gov.cn/service/201703/t20170323_11729476.htm",2020-11-12,"Compatriots",30
"373","福建厦门海关设闽南语服务热线方便台胞_中共中央台湾工作办公室...","http://www.gwytb.gov.cn/service/201311/t20131114_5206051.htm",2020-11-12,"Compatriots",30
"374","台胞如何报考证券业者资格_中共中央台湾工作办公室、国务院台湾...","http://www.gwytb.gov.cn/zzks/zcfg_43779/l_43892/201710/t20171019_11854364.htm",2008-05-05,"Compatriots",1
"375","情暖老台胞_中共中央台湾工作办公室、国务院台湾事务办公室","http://www.gwytb.gov.cn/service/201403/t20140312_5811299.htm",2020-11-12,"Compatriots",30
"376","国台办:高度重视维护海外台胞正当权益 积极提供领事保护和求助...","http://www.gwytb.gov.cn/wyly/201903/t20190327_12151777.htm",2019-03-27,"Compatriots",3
"377","台胞投资可从银行得到哪些帮助_中共中央台湾工作办公室、国务院...","http://www.gwytb.gov.cn/jj/re6/la6/201710/t20171019_11854501.htm",2020-11-12,"Compatriots",30
"378","国台办海协会领导春节走访台胞,听取对发展两岸关系的愿望建议...","http://www.gwytb.gov.cn/wyly/201503/t20150311_9250777.htm",2015-03-11,"Compatriots",1
"379","宜兴市台办联合出入境大队为台胞解读免签注新政_中共中央台湾工作...","http://www.gwytb.gov.cn/service/gxtbsh/201507/t20150710_10230504.htm",2020-11-12,"Compatriots",30
"380","广州市海珠区为台胞子女就学提供一站式服务_中共中央台湾工作办公...","http://www.gwytb.gov.cn/service/201605/t20160523_11463653.htm",2020-11-12,"Compatriots",30
"381","台胞可在平潭申请最长5年居留签注_中共中央台湾工作办公室...","http://www.gwytb.gov.cn/zzks/zxzx_43780/201412/t20141216_8383720.htm",2013-10-18,"Compatriots",1
"382","国台办投诉协调局聘任台胞权益保护工作法律顾问_中共中央台湾工作...","http://www.gwytb.gov.cn/tbqy/zongshu/201808/t20180831_12053783.htm",2018-08-31,"Compatriots",2
"383","浙出台关于进一步做好台胞子女就读工作若干意见_中共中央台湾工作...","http://www.gwytb.gov.cn/local/201108/t20110801_1945436.htm",2020-11-12,"Compatriots",30
"384","国台办:台当局对“31条措施”所谓“因应策略”损害台胞台企利益福祉","http://www.gwytb.gov.cn/wyly/201803/t20180328_11937831.htm",2018-03-28,"Compatriots",1
"385","海外台胞可通过四种方式向驻外使领馆寻求领事保护与协助_中共中央...","http://www.gwytb.gov.cn/wyly/201912/t20191225_12227928.htm",2019-12-25,"Compatriots",2
"386","国台办、海协会领导近日走访慰问大陆台胞_中共中央台湾工作办公室...","http://www.gwytb.gov.cn/wyly/201801/t20180131_11913536.htm",2018-01-31,"Compatriots",1
"387","国台办:聘请台湾仲裁员对保护台胞权益发挥积极作用_中共中央台湾...","http://www.gwytb.gov.cn/wyly/201906/t20190626_12177771.htm",2019-06-26,"Compatriots",2
"388","大陆确诊的首例新冠肺炎台胞患者在深圳痊愈出院_中共中央台湾工作...","http://www.gwytb.gov.cn/m/news/202002/t20200212_12242296.htm",2020-02-12,"Compatriots",3
"389","台胞在大陆参保切实享受国家福利待遇_中共中央台湾工作办公室...","http://www.gwytb.gov.cn/wyly/201912/t20191211_12224784.htm",2019-12-11,"Compatriots",2
"390","100多名滞留湖北台胞29日晚从上海返回台湾_中共中央台湾工作办公...","http://www.gwytb.gov.cn/wyly/202003/t20200330_12260656.htm",2020-03-30,"Compatriots",2
"391","“客家祖地”龙岩设台胞权益保障法官工作室_中共中央台湾工作办公...","http://www.gwytb.gov.cn/tbqy/zongshu/201806/t20180622_11967746.htm",2017-12-29,"Compatriots",1
"392","南宁市台办看望慰问春节后返邕台商台胞_中共中央台湾工作办公室...","http://www.gwytb.gov.cn/service/201702/t20170215_11699744.htm",2017-02-13,"Compatriots",1
"393","沈阳台办聘请台胞权益保护法律顾问_中共中央台湾工作办公室...","http://www.gwytb.gov.cn/tbqy/201706/t20170623_11807247.htm",2020-11-12,"Compatriots",30
"394","民进党当局不同意滞留湖北台胞就近从武汉返回引起广大台胞强烈不满","http://www.gwytb.gov.cn/wyly/202003/t20200327_12260302.htm",2020-03-27,"Compatriots",1
"395","武汉市公安机关积极为台胞申办居住证提供便利_中共中央台湾工作...","http://www.gwytb.gov.cn/service/gxtbsh/201809/t20180912_12058502.htm",2018-09-12,"Compatriots",5
"396","南宁市举办台商台胞台属代表迎春座谈会_中共中央台湾工作办公室...","http://www.gwytb.gov.cn/service/gxtbsh/201802/t20180208_11922842.htm",2018-02-08,"Compatriots",1
"397","32、中国政府驻外机构怎样保护台胞利益?_中共中央台湾工作办公室...","http://www.gwytb.gov.cn/zt/jqa/201103/t20110309_1778016.htm",2020-11-12,"Compatriots",30
"398","国台办:高法发布《若干措施》 台胞台企合法权益将进一步得到全面...","http://www.gwytb.gov.cn/wyly/201903/t20190327_12151781.htm",2019-03-27,"Compatriots",3
"399","国台办:“31条惠及台胞措施”落实工作继续取得积极进展_中共中央...","http://www.gwytb.gov.cn/wyly/201804/t20180411_11941949.htm",2018-04-11,"Compatriots",2
"400","大陆取消台胞就业许可获台青点赞_中共中央台湾工作办公室、国务院...","http://www.gwytb.gov.cn/jy/zxzx/201808/t20180820_12049578.htm",2018-08-14,"Compatriots",2
"401","重庆发布惠台“58条”引台胞台商热议_中共中央台湾工作办公室...","http://www.gwytb.gov.cn/jj/zxzx_43783/201809/t20180905_12055815.htm",2018-08-31,"Compatriots",2
"402","广州市台联赴港拜访旅港台胞社团_中共中央台湾工作办公室、国务院...","http://www.gwytb.gov.cn/local/201704/t20170411_11742815.htm",2017-04-07,"Compatriots",1
"403","青海省台办走访慰问台胞台属_中共中央台湾工作办公室、国务院台湾...","http://www.gwytb.gov.cn/service/201601/t20160128_11377243.htm",2020-11-12,"Compatriots",30
"404","国台办:民进党当局公开打压到大陆工作台胞不得人心_中共中央台湾...","http://www.gwytb.gov.cn/wyly/201903/t20190327_12151779.htm",2019-03-27,"Compatriots",3
"405","刘结一:将出台更多政策措施让台胞在大陆受益_中共中央台湾工作...","http://www.gwytb.gov.cn/newsb/201801/t20180126_11911302.htm",2018-01-25,"Compatriots",3
"406","厦门市车管所持续20年为台胞换证开辟绿道_中共中央台湾工作办公室...","http://www.gwytb.gov.cn/service/201704/t20170425_11753330.htm",2017-04-24,"Compatriots",1
"407","国台办:“26条措施”是“真金白银”的措施 给台胞带来更大发展...","http://www.gwytb.gov.cn/wyly/201911/t20191113_12217880.htm",2019-11-13,"Compatriots",2
"408","达州市急台胞所急悉心补办台胞证_中共中央台湾工作办公室、国务院...","http://www.gwytb.gov.cn/service/201407/t20140723_6696250.htm",2020-11-12,"Compatriots",30
"409","台胞捐造血干细胞救助海南白血病患者_中共中央台湾工作办公室...","http://www.gwytb.gov.cn/guide_rules/exe/201305/t20130531_4265942.htm",2013-05-30,"Compatriots",1
"410","吉安市台办台联领导走访慰问台商台胞台属_中共中央台湾工作办公室...","http://www.gwytb.gov.cn/service/201702/t20170215_11699740.htm",2020-11-12,"Compatriots",30
"411","国台办投诉协调局局长王刚畅谈台胞权益保护工作_中共中央台湾工作...","http://www.gwytb.gov.cn/tbqy/zongshu/201602/t20160201_11379929.htm",2015-12-22,"Compatriots",2
"412","四川省台办召开对台经济和台胞权益保护工作专项会议_中共中央台湾...","http://www.gwytb.gov.cn/local/201406/t20140618_6337439.htm",2014-06-18,"Compatriots",1
"413","台胞在大陆参加职称评审享受同等待遇_中共中央台湾工作办公室...","http://www.gwytb.gov.cn/wyly/201912/t20191225_12227926.htm",2019-12-25,"Compatriots",2
"414","雅安市人大常委会副主任彭学松调研台胞援建项目_中共中央台湾工作...","http://www.gwytb.gov.cn/service/201704/t20170410_11741688.htm",2020-11-11,"Compatriots",14
"415","安乡台办为返乡台胞保驾护航_中共中央台湾工作办公室、国务院台湾...","http://www.gwytb.gov.cn/service/201704/t20170411_11742963.htm",2020-11-11,"Compatriots",14
"416","国台办:大陆经济不断发展将给台企台胞带来更大发展空间_中共中央...","http://www.gwytb.gov.cn/wyly/201909/t20190911_12200829.htm",2019-09-11,"Compatriots",1
"417","湖北省台办:积极协助滞留湖北台胞平安顺利返乡_中共中央台湾工作...","http://www.gwytb.gov.cn/wyly/202003/t20200328_12260478.htm",2020-03-28,"Compatriots",1
"418","国台办:民进党当局恐吓滥罚在大陆发展台胞不得人心_中共中央台湾...","http://www.gwytb.gov.cn/wyly/202004/t20200430_12271305.htm",2020-04-30,"Compatriots",1
"419","完全清楚了!民进党当局“实锤”斩断台胞返乡路_中共中央台湾工作...","http://www.gwytb.gov.cn/wyly/202002/t20200228_12249347.htm",2020-02-28,"Compatriots",1
"420","台胞在大陆就医的其他相关办事事项?_中共中央台湾工作办公室...","http://www.gwytb.gov.cn/jy_43772/zxzx_43774/201512/t20151203_11156555.htm",2015-12-03,"Compatriots",7
"421","台盟中央、全国台联举办“2010年在京台胞中秋茶话会”_中共中央...","http://www.gwytb.gov.cn/zlzx/zchb/201801/t20180103_11886618.htm",2010-09-19,"Compatriots",1
"422","大陆方面建议由东航和华航共同执飞运送在湖北台胞返乡 台湾方面...","http://www.gwytb.gov.cn/wyly/202002/t20200227_12248668.htm",2020-02-27,"Compatriots",1
"423","福建:更多台胞担任涉台案件陪审员调解员_中共中央台湾工作办公室...","http://www.gwytb.gov.cn/zn/jy/201305/t20130524_4240448.htm",2013-05-22,"Compatriots",1
"424","大陆确诊的首例新冠肺炎台胞患者在深圳痊愈出院_中共中央台湾工作...","http://www.gwytb.gov.cn/wyly/202002/t20200212_12242295.htm",2020-02-12,"Compatriots",3
"425","国台办介绍各地各部门落实“31条惠及台胞措施”新进展_中共中央...","http://www.gwytb.gov.cn/wyly/201806/t20180613_11965183.htm",2018-06-13,"Compatriots",2
"426","驻马店市台办帮助台胞解决子女入学实际困难_中共中央台湾工作办公...","http://www.gwytb.gov.cn/service/gxtbsh/201808/t20180830_12053490.htm",2018-08-30,"Compatriots",1
"427","台胞在就业过程中自身权益受到侵害时的解决途径_中共中央台湾工作...","http://www.gwytb.gov.cn/zn/jy/201211/t20121119_3378877.htm",2020-11-11,"Compatriots",14
"428","台胞前往乐山市开展寻“根”之旅_中共中央台湾工作办公室、国务院...","http://www.gwytb.gov.cn/lajlwl/lawhjl/201809/t20180912_12058480.htm",2020-11-11,"Compatriots",14
"429","台胞在大陆从事个体经营_中共中央台湾工作办公室、国务院台湾事务...","http://www.gwytb.gov.cn/zn/jy/201211/t20121119_3378869.htm",2020-11-11,"Compatriots",14
"430","国台办投诉协调局局长王刚到武汉调研台胞权益保护工作_中共中央...","http://www.gwytb.gov.cn/service/201407/t20140709_6526972.htm",2020-11-11,"Compatriots",14
"431","国台办:大陆台胞提取使用住房公积金权益将得到有效保障_中共中央...","http://www.gwytb.gov.cn/wyly/201712/t20171227_11884418.htm",2017-12-27,"Compatriots",1
"432","广西举行2014年台商台胞台属代表迎春座谈会_中共中央台湾工作办公...","http://www.gwytb.gov.cn/local/201401/t20140116_5538177.htm",2014-01-16,"Compatriots",1
"433","文化和旅游部:台胞可于大陆任一省、市、自治区报考导游_中共中央...","http://www.gwytb.gov.cn/zzks/zxzx_43780/201806/t20180619_11966524.htm",2018-06-12,"Compatriots",3
"434","昌邑市台办完善三项机制维护台胞合法权益_中共中央台湾工作办公室...","http://www.gwytb.gov.cn/service/201706/t20170605_11794327.htm",2020-11-11,"Compatriots",14
"435","台胞王利群拆迁补偿纠纷案圆满解决_中共中央台湾工作办公室...","http://www.gwytb.gov.cn/service/201706/t20170605_11794802.htm",2017-06-05,"Compatriots",1
"436","淄博市公安局出台十项服务台商台胞措施 深受欢迎_中共中央台湾...","http://www.gwytb.gov.cn/wl/zxzx_43786/201412/t20141216_8376944.htm",2014-01-27,"Compatriots",2
"437","国台办介绍落实“31条惠及台胞措施”最新情况_中共中央台湾工作...","http://www.gwytb.gov.cn/wyly/201804/t20180425_11948532.htm",2018-04-25,"Compatriots",1
"438","广州举办说明会 宣讲“广州60条惠及台胞措施”_中共中央台湾工作...","http://www.gwytb.gov.cn/service/gxtbsh/201808/t20180827_12051801.htm",2018-08-27,"Compatriots",3
"439","在汉台胞第一时间申领台湾居民居住证_中共中央台湾工作办公室...","http://www.gwytb.gov.cn/service/gxtbsh/201809/t20180906_12056305.htm",2018-09-06,"Compatriots",3
"440","面向台胞开放的专业资格考试_中共中央台湾工作办公室、国务院台湾...","http://www.gwytb.gov.cn/jy/rd1/lai1/201312/t20131231_5456871.htm",2020-11-11,"Compatriots",14
"441","福州交巡警设“绿色窗口”服务台胞_中共中央台湾工作办公室...","http://www.gwytb.gov.cn/zzks/zxzx_43780/201412/t20141216_8379143.htm",2013-08-25,"Compatriots",1
"442","郑州市台办召开服务台胞台企座谈会_中共中央台湾工作办公室...","http://www.gwytb.gov.cn/service/201707/t20170726_11823927.htm",2017-07-26,"Compatriots",1
"443","广州市台办扎实做好台胞权益保障工作_中共中央台湾工作办公室...","http://www.gwytb.gov.cn/tbqy/201504/t20150421_9624295.htm",2015-04-17,"Compatriots",1
"444","山东省烟台市公安局制定服务台商台胞十项措施_中共中央台湾工作...","http://www.gwytb.gov.cn/wl/zxzx_43786/201412/t20141216_8377805.htm",2014-09-16,"Compatriots",1
"445","台胞到闽参加司法考试趋热_中共中央台湾工作办公室、国务院台湾...","http://www.gwytb.gov.cn/zn/jy/201212/t20121226_3490396.htm",2012-12-21,"Compatriots",3
"446","313名台胞福州报名专利代理人资格考试 同比增长13.4%_中共中央...","http://www.gwytb.gov.cn/zzks/zxzx_43780/201412/t20141216_8379090.htm",2014-06-29,"Compatriots",1
"447","“维护台商、台胞合法权益,深入推进河南自贸区建设”座谈会在郑州...","http://www.gwytb.gov.cn/service/201709/t20170920_11844652.htm",2017-09-20,"Compatriots",1
"448","广州出台60条惠及台胞措施_中共中央台湾工作办公室、国务院台湾...","http://www.gwytb.gov.cn/jj/zxzx_43783/201808/t20180806_12043995.htm",2018-07-30,"Compatriots",1
"449","上海长宁区为台胞台属开展贴心律管家服务_中共中央台湾工作办公室...","http://www.gwytb.gov.cn/service/201604/t20160428_11446330.htm",2016-04-28,"Compatriots",1
"450","2014年对台经济工作和台胞权益保护工作会议在南昌召开_中共中央...","http://www.gwytb.gov.cn/newsb/201403/t20140328_5921967.htm",2014-03-28,"Compatriots",1
"451","河南各地春节前走访慰问台商台胞台属_中共中央台湾工作办公室...","http://www.gwytb.gov.cn/service/gxtbsh/201802/t20180224_11926716.htm",2018-02-13,"Compatriots",8
"452","首日在闽申领居住证的台胞:期待已久,真正实现“同等待遇”_中共...","http://www.gwytb.gov.cn/jl/zxzx_43777/201809/t20180905_12055907.htm",2018-09-01,"Compatriots",7
"453","台胞台商热议陕西惠台""60条"":期盼落实、共享机遇_中共中央台湾...","http://www.gwytb.gov.cn/jj/zxzx_43783/201809/t20180925_12095047.htm",2018-09-18,"Compatriots",1
"454","常州市用足用活三项机制 维护台胞合法权益_中共中央台湾工作办公...","http://www.gwytb.gov.cn/service/fwtqfa/201807/t20180716_12035985.htm",2020-11-11,"Compatriots",14
"455","上海市台胞服务中心为“陆生”搭建择业平台_中共中央台湾工作办公...","http://www.gwytb.gov.cn/service/cxggjc/201503/t20150318_9325611.htm",2015-03-18,"Compatriots",1
"456","刘结一主任在安徽走访调研并慰问台胞_中共中央台湾工作办公室...","http://www.gwytb.gov.cn/wyly/201901/t20190118_12133063.htm",2019-01-18,"Compatriots",2
"457","厦门海沧涉台法庭服务台胞 七成靠调解化纠纷_中共中央台湾工作...","http://www.gwytb.gov.cn/guide_rules/method/201305/t20130531_4265906.htm",2013-05-28,"Compatriots",1
"458","重庆办首张港澳台居民居住证 台胞祖孙三代“落户”_中共中央台湾...","http://www.gwytb.gov.cn/jl/zxzx_43777/201809/t20180905_12055875.htm",2018-09-01,"Compatriots",7
"459","南宁市各界齐心合力救助重病台胞_中共中央台湾工作办公室、国务院...","http://www.gwytb.gov.cn/service/201703/t20170331_11736301.htm",2017-03-27,"Compatriots",1
"460","湖南怀化辰溪县台办帮助台胞圆65年寻亲梦_中共中央台湾工作办公室...","http://www.gwytb.gov.cn/service/201407/t20140729_6762214.htm",2020-11-11,"Compatriots",14
"461","四川发布“川台70条” 促台胞共享发展机遇_中共中央台湾工作办公...","http://www.gwytb.gov.cn/jj/zxzx_43783/201809/t20180911_12058235.htm",2018-09-05,"Compatriots",2
"462","泰州市设立车站机场台胞服务处 优化台胞出行环境_中共中央台湾...","http://www.gwytb.gov.cn/service/cxggjc/201807/t20180716_12035981.htm",2020-11-11,"Compatriots",14
"463","2017年山东省省直部门台胞权益保护工作研商会在济南召开_中共中央...","http://www.gwytb.gov.cn/local/201703/t20170301_11711756.htm",2017-02-20,"Compatriots",1
"464","吉林、海南依法维护台胞权益_中共中央台湾工作办公室、国务院台湾...","http://www.gwytb.gov.cn/tbqy/zongshu/201806/t20180622_11967777.htm",2016-12-30,"Compatriots",2
"465","天津发布十条惠台人才政策 切实增强在津台胞获得感_中共中央台湾...","http://www.gwytb.gov.cn/jy/zxzx/201807/t20180713_12035354.htm",2018-07-06,"Compatriots",1
"466","支持台胞创业 福建税务专家与台商面对面_中共中央台湾工作办公室...","http://www.gwytb.gov.cn/jy/rd1/lai1/201312/t20131231_5456820.htm",2013-04-24,"Compatriots",2
"467","广西桂林柳州北海等地春节前夕走访慰问台胞台商台属_中共中央台湾...","http://www.gwytb.gov.cn/service/gxtbsh/201802/t20180224_11926715.htm",2018-02-13,"Compatriots",8
"468","重庆市台办举办台胞中秋联谊会_中共中央台湾工作办公室、国务院...","http://www.gwytb.gov.cn/service/201709/t20170930_11848749.htm",2020-11-11,"Compatriots",14
"469","上海(吉安)东方医院确定为吉安市台胞定点医院_中共中央台湾工作...","http://www.gwytb.gov.cn/service/201708/t20170809_11828428.htm",2020-11-11,"Compatriots",14
"470","国台办主任助理龙明彪赴云南四川重庆走访慰问台胞_中共中央台湾...","http://www.gwytb.gov.cn/newsb/201502/t20150215_9051829.htm",2015-02-15,"Compatriots",2
"471","刘结一走访慰问北京台胞并调研_中共中央台湾工作办公室、国务院...","http://www.gwytb.gov.cn/wyly/202001/t20200122_12235266.htm",2020-01-22,"Compatriots",1
"472","持有新西兰护照跟台湾护照跟台胞证_中共中央台湾工作办公室...","http://www.gwytb.gov.cn/wl/re7/lai7/201312/t20131230_5451296.htm",2020-11-11,"Compatriots",14
"473","综述:台胞琼州拓商机_中共中央台湾工作办公室、国务院台湾事务...","http://www.gwytb.gov.cn/jy/zxzx/201807/t20180730_12042019.htm",2018-07-27,"Compatriots",1
"474","从通行到居住 台胞证件变迁背后的民心相融之路_中共中央台湾工作...","http://www.gwytb.gov.cn/jl/zxzx_43777/201809/t20180905_12055924.htm",2018-09-03,"Compatriots",1
"475","江苏出台“惠台”76条实施意见 助台胞享受同等待遇_中共中央台湾...","http://www.gwytb.gov.cn/jj/zxzx_43783/201809/t20180919_12061828.htm",2018-09-12,"Compatriots",5
"476","德阳市人大专题调研台胞权益保护工作_中共中央台湾工作办公室...","http://www.gwytb.gov.cn/service/fwtqfa/201809/t20180904_12055467.htm",2018-09-04,"Compatriots",3
"477","威海机场口岸台胞落地签注业务启动_中共中央台湾工作办公室...","http://www.gwytb.gov.cn/wl/zxzx_43786/201412/t20141216_8377811.htm",2014-11-13,"Compatriots",2
"478","在闽台商台胞畅谈“一带一路”机遇_中共中央台湾工作办公室...","http://www.gwytb.gov.cn/service/201705/t20170522_11786219.htm",2017-05-22,"Compatriots",2
"479","在沈阳的台湾居民可以补换发5年有效台胞证_中共中央台湾工作办公...","http://www.gwytb.gov.cn/zn/crj/201306/t20130627_4375656.htm",2013-06-24,"Compatriots",1
"480","台湾全民健保河北特约定点医院揭牌 便利台胞就医就业_中共中央...","http://www.gwytb.gov.cn/service/201711/t20171107_11863996.htm",2017-11-07,"Compatriots",1
"481","杭州市多部门联动帮助丢证台胞寻求回家之路_中共中央台湾工作办公...","http://www.gwytb.gov.cn/service/201703/t20170327_11732142.htm",2017-03-20,"Compatriots",1
"482","一名台胞在上海踩踏事件中罹难 海协会表示哀悼慰问_中共中央台湾...","http://www.gwytb.gov.cn/tufashijian/201501/t20150109_8646466.htm",2015-01-01,"Compatriots",2
"483","贵州首张台湾居民居住证获得台胞:生活更便利_中共中央台湾工作...","http://www.gwytb.gov.cn/jl/zxzx_43777/201809/t20180911_12058251.htm",2018-09-07,"Compatriots",1
"484","青岛市公安局真情服务台胞台企_中共中央台湾工作办公室、国务院...","http://www.gwytb.gov.cn/wl/zxzx_43786/201412/t20141216_8377808.htm",2014-09-30,"Compatriots",1
"485","山东省安丘市台办六项新举措服务台胞台企_中共中央台湾工作办公室...","http://www.gwytb.gov.cn/service/201302/t20130227_3832810.htm",2013-02-27,"Compatriots",1
"486","台胞包船游浙江登陆感受人文魅力 目睹大陆乡村振兴_中共中央台湾...","http://www.gwytb.gov.cn/ly_43787/zxzx_43789/201804/t20180413_11942997.htm",2018-04-13,"Compatriots",3
"487","支持台胞创业 福建税务专家与台商面对面_中共中央台湾工作办公室...","http://www.gwytb.gov.cn/zn/jy/201305/t20130506_4168385.htm",2013-04-24,"Compatriots",2
"488","安徽起草保护台胞投资条例 推动皖台交流新发展_中共中央台湾工作...","http://www.gwytb.gov.cn/invest/201311/t20131119_5225879.htm",2013-11-15,"Compatriots",1
"489","陕西省台办走访慰问台胞台属_中共中央台湾工作办公室、国务院台湾...","http://www.gwytb.gov.cn/service/201501/t20150121_8773079.htm",2015-01-21,"Compatriots",1
"490","2015年广西台商台胞台属代表迎春座谈会在南宁举行_中共中央台湾...","http://www.gwytb.gov.cn/service/201501/t20150123_8802987.htm",2015-01-23,"Compatriots",1
"491","河南多市县区领导及台办台联慰问台胞台属台商_中共中央台湾工作...","http://www.gwytb.gov.cn/service/201701/t20170126_11688680.htm",2020-11-10,"Compatriots",24
"492","保障台胞权益 成都台协赠锦旗_中共中央台湾工作办公室、国务院...","http://www.gwytb.gov.cn/service/201412/t20141212_8346606.htm",2020-11-10,"Compatriots",24
"493","台商台胞为“江西惠台60条”新举措点赞_中共中央台湾工作办公室...","http://www.gwytb.gov.cn/jj/zxzx_43783/201808/t20180829_12052756.htm",2018-08-21,"Compatriots",2
"494","青年台胞谈创业:中国梦不能缺少台湾_中共中央台湾工作办公室...","http://www.gwytb.gov.cn/jy/zxzx/201512/t20151202_11150049.htm",2015-10-20,"Compatriots",1
"495","临沭县台办推出六项新举措服务台胞台企_中共中央台湾工作办公室...","http://www.gwytb.gov.cn/service/201612/t20161228_11665315.htm",2016-12-28,"Compatriots",1
"496","第二批滞留湖北台胞将乘坐两岸临时航班返回台湾_中共中央台湾工作...","http://www.gwytb.gov.cn/wyly/202003/t20200311_12254500.htm",2020-03-11,"Compatriots",2
"497","台胞董淑贞情牵四川泸定 持续资助50名贫困学生_中共中央台湾工作...","http://www.gwytb.gov.cn/local/201312/t20131227_5439574.htm",2013-12-27,"Compatriots",1
"498","王毅与大华盛顿地区台胞代表座谈_中共中央台湾工作办公室、国务院...","http://www.gwytb.gov.cn/wyly/201107/t20110728_1941393.htm",2011-07-28,"Compatriots",1
"499","湖北惠台62条政策:与台企台胞切身利益紧密相关_中共中央台湾工作...","http://www.gwytb.gov.cn/jj/zxzx_43783/201807/t20180713_12035349.htm",2018-07-11,"Compatriots",1
"500","首位台胞在闽取得大陆业余无线电台操作证书_中共中央台湾工作办公...","http://www.gwytb.gov.cn/service/201408/t20140814_6966725.htm",2020-11-10,"Compatriots",24
"501","广西河池市金城江区清明节期间走访慰问台胞台属_中共中央台湾工作...","http://www.gwytb.gov.cn/service/201704/t20170412_11744220.htm",2017-04-11,"Compatriots",1
"502","四川省台联新春走访慰问台胞_中共中央台湾工作办公室、国务院台湾...","http://www.gwytb.gov.cn/service/201701/t20170125_11687764.htm",2020-11-10,"Compatriots",24
"503","连云港召开台胞投资权益保障协调委员会联络员会议_中共中央台湾...","http://www.gwytb.gov.cn/service/201509/t20150901_10591844.htm",2015-09-01,"Compatriots",1
"504","国台办:妥善处理“5.23”涉台交通事故,努力维护台胞权益_中共中央...","http://www.gwytb.gov.cn/wyly/201405/t20140528_6229585.htm",2014-05-28,"Compatriots",1
"505","2012年广西服务台胞台商台属再展作为_中共中央台湾工作办公室...","http://www.gwytb.gov.cn/service/201302/t20130216_3781267.htm",2013-02-16,"Compatriots",1
"506","江苏多地举行台商台胞新春联谊会_中共中央台湾工作办公室、国务院...","http://www.gwytb.gov.cn/service/gxtbsh/201802/t20180224_11926719.htm",2018-02-13,"Compatriots",8
"507","云台会成联系东盟各国台商台胞重要桥梁_中共中央台湾工作办公室...","http://www.gwytb.gov.cn/jy/zxzx/201706/t20170609_11797444.htm",2017-06-07,"Compatriots",1
"508","常德市台胞台属共话发展、喜迎新春_中共中央台湾工作办公室...","http://www.gwytb.gov.cn/local/201701/t20170116_11679360.htm",2017-01-12,"Compatriots",1
"509","厦门市为在厦台商(台胞)子女2018年秋季入学提供“一站式”服务...","http://www.gwytb.gov.cn/service/201807/t20180710_12033827.htm",2020-11-10,"Compatriots",24
"510","泰州市公安局出入境管理支队热心服务台胞_中共中央台湾工作办公室...","http://www.gwytb.gov.cn/service/201502/t20150203_8916583.htm",2020-11-10,"Compatriots",24
"511","吉首市为定居台胞排忧解难_中共中央台湾工作办公室、国务院台湾...","http://www.gwytb.gov.cn/service/201308/t20130826_4786809.htm",2020-11-10,"Compatriots",24
"512","福建平潭先行先试 台胞在大陆首获个人所得税财政补贴_中共中央...","http://www.gwytb.gov.cn/service/201304/t20130418_4096252.htm",2020-11-10,"Compatriots",24
"513","中国银行在渝首发中银宝岛信用卡 为台胞量身打造_中共中央台湾...","http://www.gwytb.gov.cn/lajm/lajmdt/201501/t20150115_8705039.htm",2015-01-13,"Compatriots",1
"514","台胞申请在大陆定居需要提交哪些材料?_中共中央台湾工作办公室...","http://www.gwytb.gov.cn/jl/zxzx_43777/201512/t20151203_11156582.htm",2015-12-03,"Compatriots",7
"515","2016年台胞青年千人夏令营山东省分营在济南开营_中共中央台湾工作...","http://www.gwytb.gov.cn/local/201607/t20160714_11508573.htm",2016-07-14,"Compatriots",2
"516","全国台胞权益保护宣传工作座谈会在江西省召开_中共中央台湾工作...","http://www.gwytb.gov.cn/local/201704/t20170428_11756132.htm",2017-04-27,"Compatriots",1
"517","无锡市梁溪区金匮街道打造线上“三室一厅”服务台胞台属_中共中央...","http://www.gwytb.gov.cn/service/201706/t20170608_11797190.htm",2020-11-10,"Compatriots",24
"518","镇江京口区台办推出六项新举措服务台胞台企_中共中央台湾工作办公...","http://www.gwytb.gov.cn/service/201405/t20140530_6244323.htm",2014-05-30,"Compatriots",2
"519","遂宁市召开台商台胞台属座谈会_中共中央台湾工作办公室、国务院...","http://www.gwytb.gov.cn/local/201703/t20170323_11729514.htm",2017-03-13,"Compatriots",1
"520","国台办讲事实真相:民进党当局百般阻挠台胞返乡_中共中央台湾工作...","http://www.gwytb.gov.cn/wyly/202002/t20200215_12243729.htm",2020-02-15,"Compatriots",1
"521","成都市高度重视台胞权益保护工作 台商“点赞”_中共中央台湾工作...","http://www.gwytb.gov.cn/tbqy/201606/t20160607_11476629.htm",2020-11-10,"Compatriots",24
"522","台胞投资湖南可享多项优惠政策_中共中央台湾工作办公室、国务院...","http://www.gwytb.gov.cn/lajm/lajmdt/201101/t20110118_1708041.htm",2011-01-17,"Compatriots",1
"523","厦门台胞救助中心让台胞感受家一般的温暖_中共中央台湾工作办公室...","http://www.gwytb.gov.cn/service/201302/t20130222_3813167.htm",2020-11-10,"Compatriots",24
"524","南宁市台办帮助台胞解决子女入学问题_中共中央台湾工作办公室...","http://www.gwytb.gov.cn/service/gxtbsh/201512/t20151207_11182412.htm",2020-11-10,"Compatriots",24
"525","四川德阳等地开展春节慰问台资企业和台胞台属活动_中共中央台湾...","http://www.gwytb.gov.cn/service/201602/t20160214_11385974.htm",2016-02-14,"Compatriots",1
"526","在厦台胞个体店增营哪些行业_中共中央台湾工作办公室、国务院台湾...","http://www.gwytb.gov.cn/jj/re6/la6/201710/t20171020_11854814.htm",2008-04-03,"Compatriots",1
"527","台胞来桂旅游人数创历史新高_中共中央台湾工作办公室、国务院台湾...","http://www.gwytb.gov.cn/ly_43787/zxzx_43789/201512/t20151203_11155689.htm",2015-11-30,"Compatriots",1
"528","长沙市雨花区台办贴心服务台胞凝聚两岸人心_中共中央台湾工作办公...","http://www.gwytb.gov.cn/service/201312/t20131209_5333870.htm",2020-11-10,"Compatriots",24
"529","楚才作文竞赛台胞子弟赛场开赛_中共中央台湾工作办公室、国务院...","http://www.gwytb.gov.cn/local/201603/t20160331_11424559.htm",2016-03-31,"Compatriots",1
"530","记全国台联2014年台胞青年千人夏令营四川・成都分营_中共中央台湾...","http://www.gwytb.gov.cn/lajlwl/jykjjl/201408/t20140801_6808031.htm",2014-08-01,"Compatriots",1
"531","湖南省常德市桃源县台办全力救治老台胞受赞誉_中共中央台湾工作...","http://www.gwytb.gov.cn/service/201305/t20130521_4227769.htm",2013-05-21,"Compatriots",1
"532","扬州:创新“四个机制”切实维护台胞合法权益_中共中央台湾工作...","http://www.gwytb.gov.cn/service/201605/t20160504_11450065.htm",2016-05-04,"Compatriots",2
"533","昆山市台办做客《行风热线》与台胞、市民在线互动_中共中央台湾...","http://www.gwytb.gov.cn/service/201703/t20170317_11725455.htm",2020-11-10,"Compatriots",24
"534","江门市台办坚持“三访”工作新机制服务台商台胞_中共中央台湾工作...","http://www.gwytb.gov.cn/service/201508/t20150818_10499554.htm",2015-08-18,"Compatriots",1
"535","大陆陆续出台便利措施 台胞有感“实实在在的方便”_中共中央台湾...","http://www.gwytb.gov.cn/jy/zxzx/201705/t20170515_11780796.htm",2017-05-10,"Compatriots",1
"536","国台办投诉协调局局长王刚畅谈台胞权益保护工作_中共中央台湾工作...","http://www.gwytb.gov.cn/service/201311/t20131128_5280938.htm",2013-11-28,"Compatriots",1
"537","东营市台办开展“台胞台企服务年”活动_中共中央台湾工作办公室...","http://www.gwytb.gov.cn/service/201509/t20150901_10591853.htm",2020-11-10,"Compatriots",24
"538","2018年台胞青年中原行夏令营活动综述_中共中央台湾工作办公室...","http://www.gwytb.gov.cn/local/201808/t20180802_12043301.htm",2018-08-02,"Compatriots",2
"539","怀化市成功调处台胞祖坟维修纠纷_中共中央台湾工作办公室、国务院...","http://www.gwytb.gov.cn/service/201404/t20140408_5978542.htm",2014-04-08,"Compatriots",1
"540","台胞赴湄洲岛拜妈祖享免票入岛和游览_中共中央台湾工作办公室...","http://www.gwytb.gov.cn/ly_43787/zxzx_43789/201804/t20180413_11942996.htm",2018-04-13,"Compatriots",3
"541","湘潭市台办协助百岁台胞寻找大陆亲属_中共中央台湾工作办公室...","http://www.gwytb.gov.cn/service/201309/t20130903_4820833.htm",2020-11-10,"Compatriots",24
"542","玉林市举行台胞台商台属代表迎春茶话会_中共中央台湾工作办公室...","http://www.gwytb.gov.cn/service/201802/t20180201_11918990.htm",2018-02-01,"Compatriots",1
"543","福建率先放宽台胞申办个体工商户经营范围_中共中央台湾工作办公室...","http://www.gwytb.gov.cn/service/201601/t20160104_11357587.htm",2020-11-10,"Compatriots",24
"544","南阳市台办走访慰问台胞台属_中共中央台湾工作办公室、国务院台湾...","http://www.gwytb.gov.cn/service/201701/t20170111_11676098.htm",2020-11-10,"Compatriots",24
"545","江西省台办召开台胞台商座谈会_中共中央台湾工作办公室、国务院...","http://www.gwytb.gov.cn/service/201805/t20180516_11955323.htm",2018-05-16,"Compatriots",2
"546","2015年台胞青年千人夏令营重庆分营开营_中共中央台湾工作办公室...","http://www.gwytb.gov.cn/local/201507/t20150710_10230598.htm",2020-11-10,"Compatriots",24
"547","内蒙古台企台胞代表座谈会在呼和浩特召开_中共中央台湾工作办公室...","http://www.gwytb.gov.cn/local/201801/t20180122_11909731.htm",2018-01-22,"Compatriots",1
"548","广州市台办走访台资企业慰问台商台胞_中共中央台湾工作办公室...","http://www.gwytb.gov.cn/service/201802/t20180212_11924667.htm",2018-02-12,"Compatriots",1
"549","山东省台办更新公布173部台胞台企服务热线电话_中共中央台湾工作...","http://www.gwytb.gov.cn/service/201601/t20160106_11359441.htm",2016-01-06,"Compatriots",2
"550","闽建立大陆首个困难台胞大病大灾救助机制_中共中央台湾工作办公室...","http://www.gwytb.gov.cn/zn/doctor/201401/t20140113_5518513.htm",2012-12-04,"Compatriots",1
"551","重庆发布58条惠台措施 推动在渝台企台胞享同等待遇_中共中央台湾...","http://www.gwytb.gov.cn/jj/zxzx_43783/201808/t20180829_12052758.htm",2018-08-23,"Compatriots",1
"552","上海市台胞服务中心台胞综合服务平台开通上线_中共中央台湾工作...","http://www.gwytb.gov.cn/local/201205/t20120529_2700011.htm",2012-05-25,"Compatriots",1
"553","上海搭建“一站式”综合平台服务台胞台商_中共中央台湾工作办公室...","http://www.gwytb.gov.cn/wyly/201205/t20120529_2700005.htm",2012-05-26,"Compatriots",1
"554","11名台胞丢失证件 福建龙岩出入境部门伸援手_中共中央台湾工作...","http://www.gwytb.gov.cn/service/201607/t20160726_11520396.htm",2020-11-10,"Compatriots",24
"555","益阳市台办通过微信贺卡问候台胞台属_中共中央台湾工作办公室...","http://www.gwytb.gov.cn/service/201702/t20170207_11692987.htm",2020-11-10,"Compatriots",24
"556","绵阳市台办及时救助困难台胞_中共中央台湾工作办公室、国务院台湾...","http://www.gwytb.gov.cn/service/201411/t20141113_7991509.htm",2014-11-13,"Compatriots",2
"557","重庆涪陵区台办积极帮助台胞寻亲_中共中央台湾工作办公室、国务院...","http://www.gwytb.gov.cn/service/201305/t20130510_4188386.htm",2020-11-10,"Compatriots",24
"558","宜宾市台办积极解决台胞子女入学问题_中共中央台湾工作办公室...","http://www.gwytb.gov.cn/service/201410/t20141015_7652902.htm",2014-10-15,"Compatriots",1
"559","泸溪县台办:真情凝聚台胞台属力量服务经济社会发展_中共中央台湾...","http://www.gwytb.gov.cn/service/201308/t20130801_4529537.htm",2013-08-01,"Compatriots",1
"560","山东省枣庄市市中区台办落实信访首问责任制 切实维护台胞台属权益","http://www.gwytb.gov.cn/service/201308/t20130809_4568830.htm",2020-11-10,"Compatriots",24
"561","海南各方爱心接力 流浪多年台胞终返台_中共中央台湾工作办公室...","http://www.gwytb.gov.cn/service/201609/t20160908_11564238.htm",2020-11-10,"Compatriots",24
"562","台胞办个体可经营什么_中共中央台湾工作办公室、国务院台湾事务...","http://www.gwytb.gov.cn/jj/re6/la6/201710/t20171019_11854496.htm",2007-12-05,"Compatriots",1
"563","在连云港就业台胞实现公积金“同城同待遇”_中共中央台湾工作办公...","http://www.gwytb.gov.cn/service/gxtbsh/201804/t20180411_11941889.htm",2018-04-11,"Compatriots",2
"564","港澳台居民居住证申领首日:台胞盼便利生活 赞同等待遇_中共中央...","http://www.gwytb.gov.cn/jl/zxzx_43777/201809/t20180905_12055896.htm",2018-09-01,"Compatriots",7
"565","外交部发言人说我驻外机构将进一步维护台湾同胞利益为台胞服务","http://www.gwytb.gov.cn/zlzx/zchb/201101/t20110123_1725755.htm",1995-02-17,"Compatriots",1
"566","吴仪:凡是对台胞作出的承诺都会认真落实_中共中央台湾工作办公室...","http://www.gwytb.gov.cn/speech/speech/201101/t20110123_1723813.htm",2005-09-07,"Compatriots",1
"567","台胞入闽游增长 占福建入境游客总人数四成_中共中央台湾工作办公...","http://www.gwytb.gov.cn/lajm/last/201202/t20120214_2290513.htm",2012-02-14,"Compatriots",2
"568","无锡市台办为台胞举办购房置业风险防范法律讲座_中共中央台湾工作...","http://www.gwytb.gov.cn/service/201403/t20140331_5930185.htm",2014-03-31,"Compatriots",2
"569","永州市举办台胞台商台属庆中秋活动_中共中央台湾工作办公室...","http://www.gwytb.gov.cn/service/201609/t20160918_11571787.htm",2016-09-18,"Compatriots",1
"570","国台办:全面实行卡式台胞证便利台湾居民来往大陆_中共中央台湾...","http://www.gwytb.gov.cn/wyly/201509/t20150916_10681545.htm",2015-09-16,"Compatriots",1
"571","南通市台办急台胞所急 紧急补办遗失台胞证_中共中央台湾工作办公...","http://www.gwytb.gov.cn/service/201405/t20140509_6135332.htm",2014-05-09,"Compatriots",1
"572","陈云林受海基会委托向汶川地震灾区转交台胞2.7亿捐款_中共中央...","http://www.gwytb.gov.cn/newsb/201101/t20110124_1729619.htm",2008-09-08,"Compatriots",1
"573","贵州省召开2015年台胞台属迎春茶话会_中共中央台湾工作办公室...","http://www.gwytb.gov.cn/service/201502/t20150213_9031526.htm",2015-02-13,"Compatriots",1
"574","广元市召开2017年台胞台属迎春座谈会_中共中央台湾工作办公室...","http://www.gwytb.gov.cn/local/201701/t20170126_11688671.htm",2017-01-26,"Compatriots",3
"575","听台胞讲述“二・二八”究竟发生了什么?_中共中央台湾工作办公室...","http://www.gwytb.gov.cn/forum/201101/t20110104_1674287.htm",2011-01-04,"Compatriots",1
"576","桂林市各界爱心助力台胞返乡_中共中央台湾工作办公室、国务院台湾...","http://www.gwytb.gov.cn/service/201511/t20151125_11093727.htm",2020-11-09,"Compatriots",26
"577","韶关市台办走访慰问台企台胞_中共中央台湾工作办公室、国务院台湾...","http://www.gwytb.gov.cn/service/201701/t20170126_11688685.htm",2020-11-09,"Compatriots",26
"578","泰州市台胞医疗绿色通道护佑台商健康_中共中央台湾工作办公室...","http://www.gwytb.gov.cn/service/201505/t20150506_9737301.htm",2020-11-09,"Compatriots",26
"579","2016年广西台商台胞台属台生代表中秋茶话会在南宁举行_中共中央...","http://www.gwytb.gov.cn/service/201609/t20160908_11564259.htm",2016-09-08,"Compatriots",1
"580","广东发布“粤台48条”台商台胞在粤乐享同等待遇_中共中央台湾工作...","http://www.gwytb.gov.cn/31t/bjzl/201807/t20180726_12040556.html",2018-07-26,"Compatriots",1
"581","大陆积极救助8・15车祸受伤台胞:手足情深暖人心_中共中央台湾工作...","http://www.gwytb.gov.cn/wyly/201108/t20110818_1967463.htm",2011-08-18,"Compatriots",1
"582","桂林市台办心系台胞排忧解难获好评_中共中央台湾工作办公室...","http://www.gwytb.gov.cn/service/201403/t20140306_5780179.htm",2020-11-09,"Compatriots",26
"583","海南省台办春节前慰问在琼定居台胞_中共中央台湾工作办公室...","http://www.gwytb.gov.cn/service/201701/t20170126_11688558.htm",2020-11-09,"Compatriots",26
"584","常州机场设立台胞“落地签”点_中共中央台湾工作办公室、国务院...","http://www.gwytb.gov.cn/service/201506/t20150618_10068424.htm",2015-06-18,"Compatriots",1
"585","逾300名台胞在福州报考专利代理人_中共中央台湾工作办公室...","http://www.gwytb.gov.cn/service/201507/t20150722_10304594.htm",2015-07-22,"Compatriots",5
"586","爱心服务台胞 助力学子高考_中共中央台湾工作办公室、国务院台湾...","http://www.gwytb.gov.cn/service/201306/t20130618_4332619.htm",2013-06-18,"Compatriots",1
"587","扬州邗江区台办四举措助台企台胞安全度汛_中共中央台湾工作办公室...","http://www.gwytb.gov.cn/service/201607/t20160712_11506642.htm",2020-11-09,"Compatriots",26
"588","济南市市长张建国到病房看望受伤台胞_中共中央台湾工作办公室...","http://www.gwytb.gov.cn/wyly/201101/t20110124_1730847.htm",2007-07-17,"Compatriots",1
"589","威海市台办召开2017年台胞台属座谈会_中共中央台湾工作办公室...","http://www.gwytb.gov.cn/local/201701/t20170120_11683759.htm",2017-01-18,"Compatriots",2
"590","广西博白县民警热心帮助台胞补办台胞证_中共中央台湾工作办公室...","http://www.gwytb.gov.cn/service/201401/t20140106_5478472.htm",2020-11-09,"Compatriots",26
"591","厦门市思明区搭建全国首创“O2O”模式台胞联谊平台_中共中央台湾...","http://www.gwytb.gov.cn/service/cxggjc/201604/t20160427_11445307.htm",2016-04-27,"Compatriots",1
"592","四川省政协主席柯尊平看望列席省政协全会的台胞_中共中央台湾工作...","http://www.gwytb.gov.cn/local/201701/t20170124_11686974.htm",2017-01-22,"Compatriots",3
"593","常州市用足用活三项机制 维护台胞合法权益_中共中央台湾工作办公...","http://www.gwytb.gov.cn/service/201807/t20180718_12036892.htm",2020-11-09,"Compatriots",26
"594","广西建立疾病应急救助基金惠及在桂台胞_中共中央台湾工作办公室...","http://www.gwytb.gov.cn/service/201501/t20150107_8618854.htm",2020-11-09,"Compatriots",26
"595","“台胞台属眼中的美丽杭州”摄影展在连横纪念馆开幕_中共中央台湾...","http://www.gwytb.gov.cn/local/201608/t20160819_11543952.htm",2020-11-09,"Compatriots",26
"596","南宁台商台胞热议个体工商户注册新政策利好_中共中央台湾工作办公...","http://www.gwytb.gov.cn/service/201512/t20151228_11325885.htm",2015-12-28,"Compatriots",1
"597","...陈云林强调目前海峡两岸之间发生政治分歧不影响我们鼓励台胞前...","http://www.gwytb.gov.cn/zlzx/location/201101/t20110123_1725644.htm",1995-08-08,"Compatriots",1
"598","泸州市召开2017年台胞台属迎春联谊会_中共中央台湾工作办公室...","http://www.gwytb.gov.cn/local/201701/t20170126_11688669.htm",2017-01-26,"Compatriots",3
"599","台胞青年千人夏令营安徽分营开营_中共中央台湾工作办公室、国务院...","http://www.gwytb.gov.cn/local/201507/t20150709_10221471.htm",2015-07-09,"Compatriots",1
"600","怀化鹤城区台办冒高温慰问台胞台属_中共中央台湾工作办公室...","http://www.gwytb.gov.cn/service/201308/t20130814_4619821.htm",2020-11-09,"Compatriots",26
"601","甘孜州台办深入泸定县检查台胞捐款援建项目情况_中共中央台湾工作...","http://www.gwytb.gov.cn/service/201705/t20170503_11758162.htm",2020-11-09,"Compatriots",26
"602","日照市深入开展对台工作调研 密切联系台胞台企_中共中央台湾工作...","http://www.gwytb.gov.cn/service/201511/t20151123_11078572.htm",2020-11-09,"Compatriots",26
"603","台胞领到福建省首张新版营业执照_中共中央台湾工作办公室、国务院...","http://www.gwytb.gov.cn/service/201312/t20131203_5305616.htm",2020-11-09,"Compatriots",26
"604","广州市越秀区台办举行台胞子女教育座谈会_中共中央台湾工作办公室...","http://www.gwytb.gov.cn/service/201305/t20130517_4217017.htm",2020-11-09,"Compatriots",26
"605","威海台办编辑《涉台事务政策法规手册》 方便台胞投资生活_中共...","http://www.gwytb.gov.cn/service/201308/t20130814_4619826.htm",2020-11-09,"Compatriots",26
"606","台胞社团座谈会在平潭举行_中共中央台湾工作办公室、国务院台湾...","http://www.gwytb.gov.cn/local/201510/t20151022_10886722.htm",2015-10-22,"Compatriots",1
"607","河南省各地积极开展走访慰问台胞台属台商活动_中共中央台湾工作...","http://www.gwytb.gov.cn/service/201701/t20170125_11687593.htm",2020-11-09,"Compatriots",26
"608","山东烟台等地开展走访台企慰问台胞活动_中共中央台湾工作办公室...","http://www.gwytb.gov.cn/service/201602/t20160204_11382429.htm",2016-02-04,"Compatriots",2
"609","国台办协调局赴广州调研台胞权益保障工作_中共中央台湾工作办公室...","http://www.gwytb.gov.cn/service/201308/t20130826_4786834.htm",2013-08-26,"Compatriots",1
"610","武汉市举行在汉台胞新春座谈会_中共中央台湾工作办公室、国务院...","http://www.gwytb.gov.cn/fuwu/201403/t20140305_5770891.htm",2020-11-09,"Compatriots",26
"611","四川省组织优秀中青年台胞培训_中共中央台湾工作办公室、国务院...","http://www.gwytb.gov.cn/local/201304/t20130427_4140845.htm",2020-11-09,"Compatriots",26
"612","济南市积极开展春节走访台企慰问台胞台属活动_中共中央台湾工作...","http://www.gwytb.gov.cn/service/201802/t20180224_11926728.htm",2018-02-13,"Compatriots",8
"613","台胞到成都参加蜀文化之旅 感受数不尽的文化_中共中央台湾工作...","http://www.gwytb.gov.cn/local/201609/t20160930_11583038.htm",2016-09-30,"Compatriots",1
"614","两岸医疗团队协作专机转送女台胞患者返台_中共中央台湾工作办公室...","http://www.gwytb.gov.cn/jy_43772/zxzx_43774/201807/t20180706_11972415.htm",2018-07-04,"Compatriots",2
"615","张志军走访昆山台胞:两岸都要为共同家园尽心尽力_中共中央台湾...","http://www.gwytb.gov.cn/wyly/201305/t20130518_4219727.htm",2013-05-17,"Compatriots",1
"616","微信群和公众号架起服务台胞便捷通道_中共中央台湾工作办公室...","http://www.gwytb.gov.cn/topone/201512/t20151201_11136984.htm",2015-12-01,"Compatriots",2
"617","泰州市台办全力服务台胞来泰投资创业_中共中央台湾工作办公室...","http://www.gwytb.gov.cn/service/201703/t20170317_11725633.htm",2017-03-07,"Compatriots",1
"618","老台胞找大陆族谱亲人泪汪汪_中共中央台湾工作办公室、国务院台湾...","http://www.gwytb.gov.cn/lajlwl/trueth/201105/t20110510_1852232.htm",2011-05-10,"Compatriots",1
"619","山东省台办召开对台经济和台胞权益保护工作研商会_中共中央台湾...","http://www.gwytb.gov.cn/service/201403/t20140310_5795050.htm",2014-03-10,"Compatriots",1
"620","日照市东港区台办建立涉台协调机制 维护台胞合法权益_中共中央...","http://www.gwytb.gov.cn/service/201409/t20140919_7393852.htm",2020-11-09,"Compatriots",26
"621","王毅表示:欢迎海外台胞“常回家看看”_中共中央台湾工作办公室...","http://www.gwytb.gov.cn/newsb/201101/t20110124_1729840.htm",2010-09-27,"Compatriots",1
"622","仙桃民警接力助台胞寻亲人_中共中央台湾工作办公室、国务院台湾...","http://www.gwytb.gov.cn/service/201411/t20141114_8012864.htm",2020-11-09,"Compatriots",26
"623","扬州邗江区台办向台企台胞台属送上新春大礼包_中共中央台湾工作...","http://www.gwytb.gov.cn/service/201801/t20180129_11912326.htm",2020-11-09,"Compatriots",26
"624","资阳市台办主任率队慰问台胞台属_中共中央台湾工作办公室、国务院...","http://www.gwytb.gov.cn/service/201702/t20170209_11695331.htm",2020-11-09,"Compatriots",26
"625","青岛市中级法院多措并举保护台胞合法权益_中共中央台湾工作办公室...","http://www.gwytb.gov.cn/service/201409/t20140928_7496282.htm",2014-09-28,"Compatriots",1
"626","上海发布实施55条措施努力为台企台胞提供“同等待遇”_中共中央...","http://www.gwytb.gov.cn/jj/zxzx_43783/201806/t20180604_11961586.htm",2018-06-02,"Compatriots",2
"627","山东公布56条惠台措施 逐步为台胞提供同等待遇_中共中央台湾工作...","http://www.gwytb.gov.cn/jj/zxzx_43783/201808/t20180820_12049569.htm",2018-08-15,"Compatriots",1
"628","在盐城就业台胞可缴存使用住房公积金_中共中央台湾工作办公室...","http://www.gwytb.gov.cn/service/201804/t20180426_11948702.htm",2020-11-09,"Compatriots",26
"629","全国台联2013年台胞青年千人夏令营四川・成都分营开营_中共中央...","http://www.gwytb.gov.cn/local/201307/t20130710_4431866.htm",2013-07-10,"Compatriots",3
"630","宿迁台商为卡式台胞证实施“点赞”_中共中央台湾工作办公室...","http://www.gwytb.gov.cn/service/201509/t20150924_10730569.htm",2015-09-24,"Compatriots",1
"631","上海边检绿色通道接力救台胞_中共中央台湾工作办公室、国务院台湾...","http://www.gwytb.gov.cn/service/201412/t20141201_8206281.htm",2020-11-09,"Compatriots",26
"632","台湾记者:闵行区为台胞想得真周全_中共中央台湾工作办公室...","http://www.gwytb.gov.cn/service/201507/t20150703_10169724.htm",2015-07-03,"Compatriots",2
"633","宿迁市开展台胞台属大走访活动_中共中央台湾工作办公室、国务院...","http://www.gwytb.gov.cn/service/201507/t20150722_10304648.htm",2015-07-22,"Compatriots",5
"634","安徽省马鞍山市台胞可自助购取火车票了_中共中央台湾工作办公室...","http://www.gwytb.gov.cn/wl/zxzx_43786/201806/t20180622_11967606.htm",2018-06-21,"Compatriots",1
"635","国台办:“31条措施”发布以来给台胞台企带来实实在在利益_中共...","http://www.gwytb.gov.cn/wyly/201911/t20191113_12217876.htm",2019-11-13,"Compatriots",2
"636","150名台胞到河北参加冀台经济洽谈会_中共中央台湾工作办公室...","http://www.gwytb.gov.cn/jj/zxzx_43783/201809/t20180919_12061825.htm",2018-09-11,"Compatriots",1
"637","常州市车管所为台胞换证开辟绿色通道_中共中央台湾工作办公室...","http://www.gwytb.gov.cn/service/201704/t20170428_11756156.htm",2020-11-09,"Compatriots",26
"638","国台办副主任龙明彪走访慰问赣闽两地台胞_中共中央台湾工作办公室...","http://www.gwytb.gov.cn/newsb/201801/t20180126_11911298.htm",2018-01-25,"Compatriots",3
"639","台胞来闽参加司法考试趋热 通过率今年再创新高_中共中央台湾工作...","http://www.gwytb.gov.cn/zzks/zxzx_43780/201412/t20141216_8379353.htm",2012-12-21,"Compatriots",3
"640","居住证申领第一日 在厦台胞表示“更有融入感”_中共中央台湾工作...","http://www.gwytb.gov.cn/jl/zxzx_43777/201809/t20180905_12055884.htm",2018-09-01,"Compatriots",7
"641","面向台胞开放的专业资格考试_中共中央台湾工作办公室、国务院台湾...","http://www.gwytb.gov.cn/zzks/zcfg_43779/l_43892/201802/t20180205_11920228.htm",2020-11-08,"Compatriots",1
"642","海协会就上海踩踏事件台胞伤亡情况致函海基会_中共中央台湾工作...","http://www.gwytb.gov.cn/lhjl/lhjl/han/201501/t20150112_8664325.htm",2015-01-01,"Compatriots",2
"643","国台办:台胞参加三类大陆职业资格考试有新进展_中共中央台湾工作...","http://www.gwytb.gov.cn/zzks/zxzx_43780/201806/t20180619_11966525.htm",2018-06-13,"Compatriots",2
"644","杭州街道干部倾心助力台胞寻根圆梦_中共中央台湾工作办公室...","http://www.gwytb.gov.cn/service/201504/t20150423_9649529.htm",2015-04-23,"Compatriots",2
"645","江苏省台办召开贯彻落实“31条惠及台胞措施”座谈会_中共中央台湾...","http://www.gwytb.gov.cn/local/201804/t20180416_11943844.htm",2018-04-16,"Compatriots",3
"646","德州市卫计委出台《台胞台商在德就医实施办法》_中共中央台湾工作...","http://www.gwytb.gov.cn/service/201501/t20150130_8883483.htm",2015-01-30,"Compatriots",1
"647","武汉市江夏区成立服务台商台胞工作领导小组_中共中央台湾工作办公...","http://www.gwytb.gov.cn/service/201508/t20150806_10418663.htm",2020-11-02,"Compatriots",1
"648","国台办:实施卡式台胞证受到台湾民众普遍欢迎_中共中央台湾工作...","http://www.gwytb.gov.cn/wyly/201509/t20150930_10768880.htm",2015-09-30,"Compatriots",2
"649","跨越海峡 寻根中原――2013年台胞青年夏令营河南分营活动综述...","http://www.gwytb.gov.cn/lajlwl/lawhjl/201307/t20130718_4467722.htm",2013-07-18,"Compatriots",1
"650","四川出台15条政策支持台企台胞在川发展现代农业_中共中央台湾工作...","http://www.gwytb.gov.cn/service/201604/t20160425_11442592.htm",2016-04-25,"Compatriots",2
"651","江苏台办主任杨峰:改进优化涉台服务 务实服务台商台胞_中共中央...","http://www.gwytb.gov.cn/service/201507/t20150728_10350594.htm",2015-07-28,"Compatriots",1
"652","广西出台80条惠及台胞措施 跨境劳务优惠政策成亮点_中共中央台湾...","http://www.gwytb.gov.cn/jj/zxzx_43783/201808/t20180806_12043998.htm",2018-08-02,"Compatriots",2
"653","武汉举行台胞中秋座谈会_中共中央台湾工作办公室、国务院台湾事务...","http://www.gwytb.gov.cn/service/201409/t20140904_7217359.htm",2014-09-04,"Compatriots",1
"654","湘西州全力救助旅游摔倒重伤台胞_中共中央台湾工作办公室、国务院...","http://www.gwytb.gov.cn/service/201706/t20170609_11798185.htm",2020-11-01,"Compatriots",7
"655","鹰潭市台胞台属联谊会召开三届二次常务理事会会议_中共中央台湾...","http://www.gwytb.gov.cn/local/201701/t20170120_11683766.htm",2017-01-18,"Compatriots",2
"656","山东省台办召开对台经济和台胞权益保护工作调度推进会_中共中央...","http://www.gwytb.gov.cn/tbqy/201512/t20151222_11291589.htm",2015-12-22,"Compatriots",2
"657","福建省7月6日起试点签发2015版电子台胞证_中共中央台湾工作办公室...","http://www.gwytb.gov.cn/service/201507/t20150703_10170024.htm",2015-07-03,"Compatriots",2
"658","2016年台胞青年千人夏令营海南分营开营_中共中央台湾工作办公室...","http://www.gwytb.gov.cn/local/201607/t20160713_11507164.htm",2016-07-13,"Compatriots",1
"659","茂名市委台办开展新春慰问台胞台属活动_中共中央台湾工作办公室...","http://www.gwytb.gov.cn/service/201701/t20170126_11688569.htm",2020-11-01,"Compatriots",7
"660","马尾交流团赴马祖闹元宵 500台胞将来马尾_中共中央台湾工作办公室...","http://www.gwytb.gov.cn/lajlwl/trueth/201102/t20110214_1748357.htm",2011-02-14,"Compatriots",1
"661","今年上半年福建省接待台胞逾71万人次_中共中央台湾工作办公室...","http://www.gwytb.gov.cn/local/201207/t20120726_2855750.htm",2012-07-26,"Compatriots",1
"662","山东省努力打造台胞权益保护立体工作新格局_中共中央台湾工作办公...","http://www.gwytb.gov.cn/service/201601/t20160122_11372124.htm",2016-01-22,"Compatriots",1
"663","广东多地举行台商台胞春节联谊活动_中共中央台湾工作办公室...","http://www.gwytb.gov.cn/service/gxtbsh/201802/t20180224_11926714.htm",2018-02-13,"Compatriots",8
"664","国台办:推进法制化更好维护台胞合法权益_中共中央台湾工作办公室...","http://www.gwytb.gov.cn/wyly/201304/t20130410_4061964.htm",2013-04-10,"Compatriots",1
"665","广西台办到百色市走访台企慰问台胞_中共中央台湾工作办公室...","http://www.gwytb.gov.cn/service/201801/t20180129_11912328.htm",2018-01-29,"Compatriots",2
"666","来沪台胞可自助办签注 去年办证量超16万_中共中央台湾工作办公室...","http://www.gwytb.gov.cn/service/201211/t20121122_3384681.htm",2020-11-01,"Compatriots",7
"667","南宁市举行2017年台商台胞台属代表迎春座谈会_中共中央台湾工作...","http://www.gwytb.gov.cn/local/201701/t20170123_11685581.htm",2017-01-20,"Compatriots",1
"668","公安部采取措施方便两岸同胞往来维护台胞合法权益_中共中央台湾...","http://www.gwytb.gov.cn/zlzx/zchb/201101/t20110123_1725757.htm",1995-02-22,"Compatriots",1
"669","福建省姓氏源流研究会第四次代表大会召开 强调服务台胞寻根探源","http://www.gwytb.gov.cn/local/201605/t20160504_11450085.htm",2016-05-04,"Compatriots",2
"670","情系二代台胞 热心办实事_中共中央台湾工作办公室、国务院台湾...","http://www.gwytb.gov.cn/service/201705/t20170504_11758740.htm",2020-11-01,"Compatriots",7
"671","安徽医科大学第一附属医院开通台胞就诊绿色通道_中共中央台湾工作...","http://www.gwytb.gov.cn/lajlwl/tywsjl/health/201205/t20120510_2528823.htm",2012-05-10,"Compatriots",1
"672","常州市建“四级联动”公共服务平台方便台胞台属_中共中央台湾工作...","http://www.gwytb.gov.cn/service/201602/t20160204_11382444.htm",2020-11-01,"Compatriots",7
"673","江苏省台办主任练月琴在泰州调研“31条惠及台胞措施”落实情况...","http://www.gwytb.gov.cn/service/fwtqfa/201805/t20180524_11958184.htm",2020-11-01,"Compatriots",7
"674","哈尔滨市台办举办台商台胞端午座谈联谊活动_中共中央台湾工作办公...","http://www.gwytb.gov.cn/service/201506/t20150623_10095773.htm",2020-11-01,"Compatriots",7
"675","福建入境游客首破400万人次 台胞185.07万人次(2012.02.14)_中共...","http://www.gwytb.gov.cn/zlzx/tjsj/201202/t20120214_2291504.htm",2012-02-14,"Compatriots",2
